State 73 contains 1 shift/reduce conflict.

Grammar
rule 1    Language ->		/* empty */
rule 2    Language -> LanguageGrammar
rule 3    LanguageGrammar -> LanguageComponents
rule 4    LanguageGrammar -> LanguageGrammar LanguageComponents
rule 5    LanguageComponents -> LanguageSpecifier
rule 6    LanguageComponents -> ResetCommand
rule 7    LanguageComponents -> CompareCommand
rule 8    LanguageComponents -> ConfirmCommand
rule 9    LanguageComponents -> CopyCommand
rule 10   LanguageComponents -> CreateCommand
rule 11   LanguageComponents -> DelayCommand
rule 12   LanguageComponents -> DeleteCommand
rule 13   LanguageComponents -> DisplayCommand
rule 14   LanguageComponents -> EchoCommand
rule 15   LanguageComponents -> ExportCommand
rule 16   LanguageComponents -> ImportCommand
rule 17   LanguageComponents -> PopulateCommand
rule 18   LanguageComponents -> ReadCommand
rule 19   LanguageComponents -> ReceiveCommand
rule 20   LanguageComponents -> RoleCommand
rule 21   LanguageComponents -> SendCommand
rule 22   LanguageComponents -> SetCommand
rule 23   LanguageComponents -> SystemCommand
rule 24   LanguageComponents -> TimeCommand
rule 25   LanguageComponents -> ValidateCommand
rule 26   LanguageComponents -> VerboseCommand
rule 27   LanguageComponents -> WriteCommand
rule 28   LanguageComponents -> ApplicationEntityFlagCommand
rule 29   LanguageComponents -> ValidationFlagCommand
rule 30   LanguageComponents -> DefineSqLengthFlagCommand
rule 31   LanguageComponents -> AddGroupLengthFlagCommand
rule 32   LanguageComponents -> StrictValidationFlagCommand
rule 33   LanguageSpecifier -> T_LANGUAGE STRING
rule 34   ResetCommand -> T_RESET T_ALL
rule 35   ResetCommand -> T_RESET T_WAREHOUSE
rule 36   ResetCommand -> T_RESET T_ASSOCIATION
rule 37   ResetCommand -> T_RESET T_RELATION
rule 38   ResetCommand -> T_RESET T_EXECUTION_CONTEXT
rule 39   CompareCommand -> T_COMPARE ObjectRef1 TagRef1 ObjectRef2 TagRef2
rule 40   CompareCommand -> T_COMPARE_NOT ObjectRef1 TagRef1 ObjectRef2 TagRef2
rule 41   ConfirmCommand -> T_CONFIRM
rule 42   ConfirmCommand -> T_CONFIRM STRING
rule 43   CopyCommand -> T_COPY ObjectRef1 TagRef1 ObjectRef2 TagRef2
rule 44   CreateCommand -> T_CREATE CreateList
rule 45   DelayCommand -> T_DELAY INTEGER
rule 46   DeleteCommand -> T_DELETE DeleteList
rule 47   DisplayCommand -> DisplayTagList
rule 48   DisplayCommand -> T_DISPLAY ObjectRef1
rule 49   DisplayCommand -> T_DISPLAY T_WAREHOUSE
rule 50   EchoCommand -> T_ECHO STRING
rule 51   ExportCommand -> T_EXPORT ExportList
rule 52   ExportList -> ExportAcseObject
rule 53   ExportList -> ExportDimseObjects
rule 54   ExportAcseObject -> AssociateRq
rule 55   ExportAcseObject -> AssociateAc
rule 56   ExportAcseObject -> AssociateRj
rule 57   ExportAcseObject -> ReleaseRq
rule 58   ExportAcseObject -> ReleaseRp
rule 59   ExportAcseObject -> AbortRq
rule 60   ExportDimseObjects -> DimseCmd CommandIdentifier
rule 61   ExportDimseObjects -> DimseCmd CommandIdentifier IomIod DatasetIdentifier
rule 62   ExportDimseObjects -> DimseCmd CommandIdentifier IomIod DatasetIdentifier T_PRES_CTX PresentationContextId
rule 63   ImportCommand -> T_IMPORT ImportList
rule 64   ImportList -> DimseCmd CommandIdentifier
rule 65   ImportList -> DimseCmd CommandIdentifier IomIod DatasetIdentifier
rule 66   PopulateCommand -> T_POPULATE T_ON
rule 67   PopulateCommand -> T_POPULATE T_OFF
rule 68   ReadCommand -> T_READ ReadList
rule 69   ReceiveCommand -> T_RECEIVE ReceiveList
rule 70   RoleCommand -> T_ROLE USERPROVIDER
rule 71   SendCommand -> T_SEND SendList
rule 72   SetCommand -> T_SET SetList
rule 73   SystemCommand -> T_SYSTEM STRING
rule 74   TimeCommand -> T_TIME
rule 75   ValidateCommand -> T_VALIDATE ValidateList
rule 76   VerboseCommand -> T_VERBOSE T_ON
rule 77   VerboseCommand -> T_VERBOSE T_OFF
rule 78   WriteCommand -> T_WRITE WriteList
rule 79   ApplicationEntityFlagCommand -> T_APPL_ENTITY STRING STRING
rule 80   ValidationFlagCommand -> T_VALIDATION VALIDATIONFLAG
rule 81   DefineSqLengthFlagCommand -> T_DEF_SQ_LENGTH T_ON
rule 82   DefineSqLengthFlagCommand -> T_DEF_SQ_LENGTH T_OFF
rule 83   AddGroupLengthFlagCommand -> T_ADD_GROUP_LENGTH T_ON
rule 84   AddGroupLengthFlagCommand -> T_ADD_GROUP_LENGTH T_OFF
rule 85   StrictValidationFlagCommand -> T_STRICT T_ON
rule 86   StrictValidationFlagCommand -> T_STRICT T_OFF
rule 87   CreateList -> Acse
rule 88   CreateList -> Sop
rule 89   CreateList -> Dataset
rule 90   CreateList -> Dataset T_DEFINED_LENGTH
rule 91   CreateList -> SequenceRef Dataset
rule 92   CreateList -> Filehead
rule 93   CreateList -> Filetail
rule 94   DeleteList -> Acse
rule 95   DeleteList -> Command
rule 96   DeleteList -> Dataset
rule 97   DeleteList -> T_FILEHEAD
rule 98   DeleteList -> T_FILETAIL
rule 99   DisplayTagList -> T_DISPLAY ObjectRef1 TagRef
rule 100  DisplayTagList -> DisplayTagList TagRef
rule 101  ReadList -> STRING Dataset
rule 102  ReadList -> STRING HEXADECIMAL
rule 103  ReceiveList -> AcseContents
rule 104  ReceiveList -> SopList
rule 105  SendList -> AcseContents
rule 106  SendList -> SopContents
rule 107  SendList -> SopContents T_PRES_CTX PresentationContextId
rule 108  PresentationContextId -> T_OPEN_BRACKET HEXADECIMAL T_CLOSE_BRACKET
rule 109  PresentationContextId -> T_OPEN_BRACKET INTEGER T_CLOSE_BRACKET
rule 110  SetList -> AcseContents
rule 111  SetList -> CommandContents
rule 112  SetList -> DatasetContents
rule 113  SetList -> FileheadContents
rule 114  SetList -> FiletailContents
rule 115  ValidateList -> SourceSopRef ReferenceSopList
rule 116  SourceSopRef -> DimseCmd CommandIdentifier
rule 117  SourceSopRef -> DimseCmd CommandIdentifier IomIod DatasetIdentifier
rule 118  ReferenceSopList ->		/* empty */
rule 119  ReferenceSopList -> ReferenceSopRef
rule 120  ReferenceSopList -> ReferenceSopList T_OR ReferenceSopRef
rule 121  ReferenceSopRef -> DimseCmd CommandIdentifier
rule 122  ReferenceSopRef -> DimseCmd CommandIdentifier IomIod DatasetIdentifier
rule 123  SopList ->		/* empty */
rule 124  SopList -> SopContents
rule 125  SopList -> SopList T_OR SopContents
rule 126  SopList -> SopList T_AND SopContents
rule 127  WriteList -> STRING T_FILEHEAD
rule 128  WriteList -> STRING T_FILETAIL
rule 129  WriteList -> STRING Dataset
rule 130  Acse -> AssociateRq
rule 131  Acse -> AssociateAc
rule 132  Acse -> AssociateRj
rule 133  Acse -> ReleaseRq
rule 134  Acse -> ReleaseRp
rule 135  Acse -> AbortRq
rule 136  AcseContents -> AssociateRqContents
rule 137  AcseContents -> AssociateAcContents
rule 138  AcseContents -> AssociateRjContents
rule 139  AcseContents -> ReleaseRqContents
rule 140  AcseContents -> ReleaseRpContents
rule 141  AcseContents -> AbortRqContents
rule 142  AssociateRqContents -> AssociateRq
rule 143  AssociateRqContents -> AssociateRq T_OPEN_BRACKET AssociateRqParameterList T_CLOSE_BRACKET
rule 144  AssociateRqParameterList -> AssociateRqParameter
rule 145  AssociateRqParameterList -> AssociateRqParameterList AssociateRqParameter
rule 146  AssociateRqParameter -> T_PROT_VER INTEGER
rule 147  AssociateRqParameter -> T_CALLED_AE STRING
rule 148  AssociateRqParameter -> T_CALLING_AE STRING
rule 149  AssociateRqParameter -> T_APPL_CTX STRING
rule 150  AssociateRqParameter -> T_PRES_CTX AssociateRqPresCtxList
rule 151  AssociateRqParameter -> T_MAX_LEN INTEGER
rule 152  AssociateRqParameter -> T_IMPL_CLASS STRING
rule 153  AssociateRqParameter -> T_IMPL_VER STRING
rule 154  AssociateRqParameter -> T_SOP_EXTEND_NEG SopClassExtendedList
rule 155  AssociateRqParameter -> T_SCPSCU_ROLE ScpScuRoleList
rule 156  AssociateRqParameter -> T_ASYNC_WINDOW INTEGER INTEGER
rule 157  AssociateRqParameter -> T_USER_ID_NEG UserIdentityNegotiation
rule 158  AssociateRqPresCtxList -> AssociateRqPresCtx
rule 159  AssociateRqPresCtxList -> AssociateRqPresCtxList AssociateRqPresCtx
rule 160  AssociateRqPresCtxList -> AssociateRqPresCtxList ',' AssociateRqPresCtx
rule 161  AssociateRqPresCtx -> RqPresCtx
rule 162  AssociateRqPresCtx -> VtsRqPresCtx
rule 163  RqPresCtx -> T_OPEN_BRACKET STRING ',' RqTransferSyntaxList T_CLOSE_BRACKET
rule 164  VtsRqPresCtx -> T_OPEN_BRACKET INTEGER ',' STRING ',' INTEGER ',' INTEGER ',' RqTransferSyntaxList T_CLOSE_BRACKET
rule 165  RqTransferSyntaxList -> TransferSyntax
rule 166  RqTransferSyntaxList -> RqTransferSyntaxList ',' TransferSyntax
rule 167  TransferSyntax -> STRING
rule 168  SopClassExtendedList -> SopClassExtended
rule 169  SopClassExtendedList -> SopClassExtendedList SopClassExtended
rule 170  SopClassExtended -> T_OPEN_BRACKET STRING ',' ApplicationInfoList T_CLOSE_BRACKET
rule 171  ApplicationInfoList -> ApplicationInfoByte
rule 172  ApplicationInfoList -> ApplicationInfoList ',' ApplicationInfoByte
rule 173  ApplicationInfoByte -> INTEGER
rule 174  ScpScuRoleList -> ScpScuRole
rule 175  ScpScuRoleList -> ScpScuRoleList ScpScuRole
rule 176  ScpScuRole -> T_OPEN_BRACKET STRING ',' INTEGER ',' INTEGER T_CLOSE_BRACKET
rule 177  UserIdentityNegotiation -> INTEGER INTEGER STRING
rule 178  UserIdentityNegotiation -> INTEGER INTEGER STRING STRING
rule 179  UserIdentityNegotiation -> STRING
rule 180  AssociateAcContents -> AssociateAc
rule 181  AssociateAcContents -> AssociateAc T_OPEN_BRACKET AssociateAcParameterList T_CLOSE_BRACKET
rule 182  AssociateAcParameterList -> AssociateAcParameter
rule 183  AssociateAcParameterList -> AssociateAcParameterList AssociateAcParameter
rule 184  AssociateAcParameter -> T_PROT_VER INTEGER
rule 185  AssociateAcParameter -> T_CALLED_AE STRING
rule 186  AssociateAcParameter -> T_CALLING_AE STRING
rule 187  AssociateAcParameter -> T_APPL_CTX STRING
rule 188  AssociateAcParameter -> T_PRES_CTX AssociateAcPresCtxList
rule 189  AssociateAcParameter -> T_MAX_LEN INTEGER
rule 190  AssociateAcParameter -> T_IMPL_CLASS STRING
rule 191  AssociateAcParameter -> T_IMPL_VER STRING
rule 192  AssociateAcParameter -> T_SOP_EXTEND_NEG SopClassExtendedList
rule 193  AssociateAcParameter -> T_SCPSCU_ROLE ScpScuRoleList
rule 194  AssociateAcParameter -> T_ASYNC_WINDOW INTEGER INTEGER
rule 195  AssociateAcPresCtxList -> AssociateAcPresCtx
rule 196  AssociateAcPresCtxList -> AssociateAcPresCtxList AssociateAcPresCtx
rule 197  AssociateAcPresCtxList -> AssociateAcPresCtxList ',' AssociateAcPresCtx
rule 198  AssociateAcPresCtx -> AcPresCtx
rule 199  AssociateAcPresCtx -> VtsAcPresCtx
rule 200  AcPresCtx -> T_OPEN_BRACKET STRING ',' INTEGER AcTransferSyntax T_CLOSE_BRACKET
rule 201  AcTransferSyntax ->		/* empty */
rule 202  AcTransferSyntax -> ',' TransferSyntax
rule 203  VtsAcPresCtx -> T_OPEN_BRACKET INTEGER ',' INTEGER ',' STRING MoreAcPresentationContext T_CLOSE_BRACKET
rule 204  MoreAcPresentationContext ->		/* empty */
rule 205  MoreAcPresentationContext -> ',' INTEGER ',' INTEGER ',' TransferSyntax
rule 206  AssociateRjContents -> AssociateRj
rule 207  AssociateRjContents -> AssociateRj T_OPEN_BRACKET AssociateRjParameterList T_CLOSE_BRACKET
rule 208  AssociateRjParameterList -> AssociateRjParameter
rule 209  AssociateRjParameterList -> AssociateRjParameterList AssociateRjParameter
rule 210  AssociateRjParameter -> T_RESULT INTEGER
rule 211  AssociateRjParameter -> T_SOURCE INTEGER
rule 212  AssociateRjParameter -> T_REASON INTEGER
rule 213  ReleaseRqContents -> ReleaseRq
rule 214  ReleaseRpContents -> ReleaseRp
rule 215  AbortRqContents -> AbortRq
rule 216  AbortRqContents -> AbortRq T_OPEN_BRACKET AbortRqParameterList T_CLOSE_BRACKET
rule 217  AbortRqParameterList -> AbortRqParameter
rule 218  AbortRqParameterList -> AbortRqParameterList AbortRqParameter
rule 219  AbortRqParameter -> T_SOURCE INTEGER
rule 220  AbortRqParameter -> T_REASON INTEGER
rule 221  AssociateRq -> T_ASSOCIATE_RQ
rule 222  AssociateAc -> T_ASSOCIATE_AC
rule 223  AssociateRj -> T_ASSOCIATE_RJ
rule 224  ReleaseRq -> T_RELEASE_RQ
rule 225  ReleaseRp -> T_RELEASE_RP
rule 226  AbortRq -> T_ABORT_RQ
rule 227  Sop -> Command
rule 228  Sop -> Command Dataset
rule 229  SopContents -> CommandContents
rule 230  SopContents -> Command DatasetContents
rule 231  CommandContents -> Command
rule 232  CommandContents -> CommandRef T_OPEN_BRACKET T_CLOSE_BRACKET
rule 233  CommandContents -> CommandRef T_OPEN_BRACKET AttributeList T_CLOSE_BRACKET
rule 234  Command -> DimseCmd
rule 235  Command -> DimseCmd CommandIdentifier
rule 236  DimseCmd -> COMMANDFIELD
rule 237  CommandIdentifier -> IDENTIFIER
rule 238  CommandRef -> Command
rule 239  DatasetContents -> Dataset
rule 240  DatasetContents -> DatasetRef T_OPEN_BRACKET T_CLOSE_BRACKET
rule 241  DatasetContents -> DatasetRef T_OPEN_BRACKET AttributeList T_CLOSE_BRACKET
rule 242  DatasetRef -> Dataset
rule 243  Dataset -> IomIod
rule 244  Dataset -> IomIod DatasetIdentifier
rule 245  IomIod -> IodName
rule 246  IomIod -> IomLevel IodName
rule 247  IomLevel -> IOMLEVEL
rule 248  IodName -> STRING
rule 249  DatasetIdentifier -> IDENTIFIER
rule 250  DatasetIdentifier -> STRING
rule 251  AttributeList -> Attribute
rule 252  AttributeList -> AttributeList Attribute
rule 253  Attribute -> T_OPEN_BRACKET AttributeIdentification ',' AttributeValue T_CLOSE_BRACKET
rule 254  Attribute -> T_OPEN_BRACKET TagRef T_CLOSE_BRACKET
rule 255  AttributeIdentification -> AttributeTag
rule 256  AttributeTag -> HEXADECIMAL
rule 257  AttributeValue -> SequenceValue
rule 258  AttributeValue -> OtherValue
rule 259  SequenceValue -> SequenceVR ',' ItemList
rule 260  SequenceVR -> T_SQ
rule 261  SequenceVR -> '[' T_SQ ']'
rule 262  ItemList -> ItemByReferenceList
rule 263  ItemList -> ItemByValueList
rule 264  ItemByReferenceList -> ItemByReference
rule 265  ItemByReferenceList -> ItemByReferenceList ',' ItemByReference
rule 266  ItemByReference -> STRING
rule 267  ItemByValueList -> ItemByValue
rule 268  ItemByValueList -> ItemByValueList ',' ItemByValue
rule 269  ItemByValue ->		/* empty */
rule 270  ItemByValue -> ItemAttributeList
rule 271  ItemAttributeList -> ItemAttribute
rule 272  ItemAttributeList -> ItemAttributeList ItemAttribute
rule 273  ItemAttribute -> '>' Attribute
rule 274  OtherValue -> OptionalVR Values
rule 275  OptionalVR ->		/* empty */
rule 276  OptionalVR -> AttributeVR ','
rule 277  AttributeVR -> VR
rule 278  AttributeVR -> '[' VR ']'
rule 279  AttributeVR -> T_OPEN_BRACKET VR T_CLOSE_BRACKET
rule 280  AttributeVR -> T_OPEN_BRACKET '[' VR ']' T_CLOSE_BRACKET
rule 281  AttributeVR -> T_OPEN_BRACKET VR '?' T_CLOSE_BRACKET
rule 282  AttributeVR -> T_OPEN_BRACKET '[' VR ']' '?' T_CLOSE_BRACKET
rule 283  Values ->		/* empty */
rule 284  Values -> VMList
rule 285  VMList -> Value
rule 286  VMList -> VMList ',' Value
rule 287  Value -> STRING
rule 288  Value -> HEXADECIMAL
rule 289  Value -> INTEGER
rule 290  Value -> T_AUTOSET
rule 291  TagRef1 -> TagRef
rule 292  TagRef2 -> TagRef
rule 293  TagRef -> AttributeTag
rule 294  TagRef -> STRING
rule 295  ObjectRef1 -> Command
rule 296  ObjectRef1 -> Dataset
rule 297  ObjectRef2 -> Command
rule 298  ObjectRef2 -> Dataset
rule 299  SequenceRef -> T_OPEN_BRACKET Dataset TagRef ItemNumber T_CLOSE_BRACKET
rule 300  SequenceRef -> T_OPEN_BRACKET SequenceRef TagRef ItemNumber T_CLOSE_BRACKET
rule 301  ItemNumber ->		/* empty */
rule 302  ItemNumber -> '[' INTEGER ']'
rule 303  FileheadContents -> Filehead
rule 304  FileheadContents -> Filehead T_OPEN_BRACKET FileheadParameterList T_CLOSE_BRACKET
rule 305  Filehead -> T_FILEHEAD
rule 306  FileheadParameterList -> FileheadParameter
rule 307  FileheadParameterList -> FileheadParameterList FileheadParameter
rule 308  FileheadParameter -> FilePreamble
rule 309  FileheadParameter -> DicomPrefix
rule 310  FileheadParameter -> FileTransferSyntax
rule 311  FilePreamble -> T_FILE_PREAMBLE STRING
rule 312  DicomPrefix -> T_DICOM_PREFIX STRING
rule 313  FileTransferSyntax -> T_TRANSFER_SYNTAX TransferSyntax
rule 314  FiletailContents -> Filetail
rule 315  FiletailContents -> Filetail T_OPEN_BRACKET FiletailParameterList T_CLOSE_BRACKET
rule 316  Filetail -> T_FILETAIL
rule 317  FiletailParameterList -> FiletailParameter
rule 318  FiletailParameterList -> FiletailParameterList FiletailParameter
rule 319  FiletailParameter -> DatasetTrailingPadding
rule 320  FiletailParameter -> SectorSize
rule 321  FiletailParameter -> PaddingValue
rule 322  DatasetTrailingPadding -> T_DATASET_TRAILING_PADDING T_YES
rule 323  DatasetTrailingPadding -> T_DATASET_TRAILING_PADDING T_NO
rule 324  SectorSize -> T_SECTOR_SIZE INTEGER
rule 325  PaddingValue -> T_PADDING_VALUE INTEGER

Terminals, with rules where they appear

$ (-1)
',' (44) 160 163 164 166 170 172 176 197 200 202 203 205 253 259 265
    268 276 286
'>' (62) 273
'?' (63) 281 282
'[' (91) 261 278 280 282 302
']' (93) 261 278 280 282 302
error (256)
T_LANGUAGE (258) 33
T_RESET (259) 34 35 36 37 38
T_ALL (260) 34
T_WAREHOUSE (261) 35 49
T_ASSOCIATION (262) 36
T_RELATION (263) 37
T_EXECUTION_CONTEXT (264) 38
T_COMPARE (265) 39
T_COMPARE_NOT (266) 40
T_CONFIRM (267) 41 42
T_COPY (268) 43
T_CREATE (269) 44
T_DELAY (270) 45
T_DELETE (271) 46
T_DISPLAY (272) 48 49 99
T_ECHO (273) 50
T_POPULATE (274) 66 67
T_READ (275) 68
T_RECEIVE (276) 69
T_ROLE (277) 70
T_SEND (278) 71
T_SET (279) 72
T_SYSTEM (280) 73
T_TIME (281) 74
T_VALIDATE (282) 75
T_VERBOSE (283) 76 77
T_WRITE (284) 78
T_IMPORT (285) 63
T_EXPORT (286) 51
T_VALIDATION (287) 80
T_DEF_SQ_LENGTH (288) 81 82
T_ADD_GROUP_LENGTH (289) 83 84
T_STRICT (290) 85 86
T_APPL_ENTITY (291) 79
T_ASSOCIATE_RQ (292) 221
T_ASSOCIATE_AC (293) 222
T_ASSOCIATE_RJ (294) 223
T_RELEASE_RQ (295) 224
T_RELEASE_RP (296) 225
T_ABORT_RQ (297) 226
T_PROT_VER (298) 146 184
T_CALLED_AE (299) 147 185
T_CALLING_AE (300) 148 186
T_APPL_CTX (301) 149 187
T_PRES_CTX (302) 62 107 150 188
T_MAX_LEN (303) 151 189
T_IMPL_CLASS (304) 152 190
T_IMPL_VER (305) 153 191
T_SOP_EXTEND_NEG (306) 154 192
T_SCPSCU_ROLE (307) 155 193
T_ASYNC_WINDOW (308) 156 194
T_USER_ID_NEG (309) 157
T_RESULT (310) 210
T_SOURCE (311) 211 219
T_REASON (312) 212 220
T_DEFINED_LENGTH (313) 90
T_AUTOSET (314) 290
T_FILEHEAD (315) 97 127 305
T_FILETAIL (316) 98 128 316
T_FILE_PREAMBLE (317) 311
T_DICOM_PREFIX (318) 312
T_TRANSFER_SYNTAX (319) 313
T_DATASET_TRAILING_PADDING (320) 322 323
T_SECTOR_SIZE (321) 324
T_PADDING_VALUE (322) 325
T_SQ (323) 260 261
T_OPEN_BRACKET (324) 108 109 143 163 164 170 176 181 200 203 207 216
    232 233 240 241 253 254 279 280 281 282 299 300 304 315
T_CLOSE_BRACKET (325) 108 109 143 163 164 170 176 181 200 203 207 216
    232 233 240 241 253 254 279 280 281 282 299 300 304 315
T_YES (326) 322
T_NO (327) 323
T_ON (328) 66 76 81 83 85
T_OFF (329) 67 77 82 84 86
T_OR (330) 120 125
T_AND (331) 126
COMMANDFIELD (332) 236
HEXADECIMAL (333) 102 108 256 288
IDENTIFIER (334) 237 249
INTEGER (335) 45 109 146 151 156 164 173 176 177 178 184 189 194 200
    203 205 210 211 212 219 220 289 302 324 325
VALIDATIONFLAG (336) 80
IOMLEVEL (337) 247
STRING (338) 33 42 50 73 79 101 102 127 128 129 147 148 149 152 153
    163 164 167 170 176 177 178 179 185 186 187 190 191 200 203 248
    250 266 287 294 311 312
USERPROVIDER (339) 70
VR (340) 277 278 279 280 281 282

Nonterminals, with rules where they appear

Language (91)
    on left: 1 2
LanguageGrammar (92)
    on left: 3 4, on right: 2 4
LanguageComponents (93)
    on left: 5 6 7 8 9 10 11 12 13 14 15 16 17 18 19 20 21 22 23 24
    25 26 27 28 29 30 31 32, on right: 3 4
LanguageSpecifier (94)
    on left: 33, on right: 5
ResetCommand (95)
    on left: 34 35 36 37 38, on right: 6
CompareCommand (96)
    on left: 39 40, on right: 7
ConfirmCommand (97)
    on left: 41 42, on right: 8
CopyCommand (98)
    on left: 43, on right: 9
CreateCommand (99)
    on left: 44, on right: 10
DelayCommand (100)
    on left: 45, on right: 11
DeleteCommand (101)
    on left: 46, on right: 12
DisplayCommand (102)
    on left: 47 48 49, on right: 13
EchoCommand (103)
    on left: 50, on right: 14
ExportCommand (104)
    on left: 51, on right: 15
ExportList (105)
    on left: 52 53, on right: 51
ExportAcseObject (106)
    on left: 54 55 56 57 58 59, on right: 52
ExportDimseObjects (107)
    on left: 60 61 62, on right: 53
ImportCommand (108)
    on left: 63, on right: 16
ImportList (109)
    on left: 64 65, on right: 63
PopulateCommand (110)
    on left: 66 67, on right: 17
ReadCommand (111)
    on left: 68, on right: 18
ReceiveCommand (112)
    on left: 69, on right: 19
RoleCommand (113)
    on left: 70, on right: 20
SendCommand (114)
    on left: 71, on right: 21
SetCommand (115)
    on left: 72, on right: 22
SystemCommand (116)
    on left: 73, on right: 23
TimeCommand (117)
    on left: 74, on right: 24
ValidateCommand (118)
    on left: 75, on right: 25
VerboseCommand (119)
    on left: 76 77, on right: 26
WriteCommand (120)
    on left: 78, on right: 27
ApplicationEntityFlagCommand (121)
    on left: 79, on right: 28
ValidationFlagCommand (122)
    on left: 80, on right: 29
DefineSqLengthFlagCommand (123)
    on left: 81 82, on right: 30
AddGroupLengthFlagCommand (124)
    on left: 83 84, on right: 31
StrictValidationFlagCommand (125)
    on left: 85 86, on right: 32
CreateList (126)
    on left: 87 88 89 90 91 92 93, on right: 44
DeleteList (127)
    on left: 94 95 96 97 98, on right: 46
DisplayTagList (128)
    on left: 99 100, on right: 47 100
ReadList (129)
    on left: 101 102, on right: 68
ReceiveList (130)
    on left: 103 104, on right: 69
SendList (131)
    on left: 105 106 107, on right: 71
PresentationContextId (132)
    on left: 108 109, on right: 62 107
SetList (133)
    on left: 110 111 112 113 114, on right: 72
ValidateList (134)
    on left: 115, on right: 75
SourceSopRef (135)
    on left: 116 117, on right: 115
ReferenceSopList (136)
    on left: 118 119 120, on right: 115 120
ReferenceSopRef (137)
    on left: 121 122, on right: 119 120
SopList (138)
    on left: 123 124 125 126, on right: 104 125 126
WriteList (139)
    on left: 127 128 129, on right: 78
Acse (140)
    on left: 130 131 132 133 134 135, on right: 87 94
AcseContents (141)
    on left: 136 137 138 139 140 141, on right: 103 105 110
AssociateRqContents (142)
    on left: 142 143, on right: 136
AssociateRqParameterList (143)
    on left: 144 145, on right: 143 145
AssociateRqParameter (144)
    on left: 146 147 148 149 150 151 152 153 154 155 156 157,
    on right: 144 145
AssociateRqPresCtxList (145)
    on left: 158 159 160, on right: 150 159 160
AssociateRqPresCtx (146)
    on left: 161 162, on right: 158 159 160
RqPresCtx (147)
    on left: 163, on right: 161
VtsRqPresCtx (148)
    on left: 164, on right: 162
RqTransferSyntaxList (149)
    on left: 165 166, on right: 163 164 166
TransferSyntax (150)
    on left: 167, on right: 165 166 202 205 313
SopClassExtendedList (151)
    on left: 168 169, on right: 154 169 192
SopClassExtended (152)
    on left: 170, on right: 168 169
ApplicationInfoList (153)
    on left: 171 172, on right: 170 172
ApplicationInfoByte (154)
    on left: 173, on right: 171 172
ScpScuRoleList (155)
    on left: 174 175, on right: 155 175 193
ScpScuRole (156)
    on left: 176, on right: 174 175
UserIdentityNegotiation (157)
    on left: 177 178 179, on right: 157
AssociateAcContents (158)
    on left: 180 181, on right: 137
AssociateAcParameterList (159)
    on left: 182 183, on right: 181 183
AssociateAcParameter (160)
    on left: 184 185 186 187 188 189 190 191 192 193 194,
    on right: 182 183
AssociateAcPresCtxList (161)
    on left: 195 196 197, on right: 188 196 197
AssociateAcPresCtx (162)
    on left: 198 199, on right: 195 196 197
AcPresCtx (163)
    on left: 200, on right: 198
AcTransferSyntax (164)
    on left: 201 202, on right: 200
VtsAcPresCtx (165)
    on left: 203, on right: 199
MoreAcPresentationContext (166)
    on left: 204 205, on right: 203
AssociateRjContents (167)
    on left: 206 207, on right: 138
AssociateRjParameterList (168)
    on left: 208 209, on right: 207 209
AssociateRjParameter (169)
    on left: 210 211 212, on right: 208 209
ReleaseRqContents (170)
    on left: 213, on right: 139
ReleaseRpContents (171)
    on left: 214, on right: 140
AbortRqContents (172)
    on left: 215 216, on right: 141
AbortRqParameterList (173)
    on left: 217 218, on right: 216 218
AbortRqParameter (174)
    on left: 219 220, on right: 217 218
AssociateRq (175)
    on left: 221, on right: 54 130 142 143
AssociateAc (176)
    on left: 222, on right: 55 131 180 181
AssociateRj (177)
    on left: 223, on right: 56 132 206 207
ReleaseRq (178)
    on left: 224, on right: 57 133 213
ReleaseRp (179)
    on left: 225, on right: 58 134 214
AbortRq (180)
    on left: 226, on right: 59 135 215 216
Sop (181)
    on left: 227 228, on right: 88
SopContents (182)
    on left: 229 230, on right: 106 107 124 125 126
CommandContents (183)
    on left: 231 232 233, on right: 111 229
Command (184)
    on left: 234 235, on right: 95 227 228 230 231 238 295 297
DimseCmd (185)
    on left: 236, on right: 60 61 62 64 65 116 117 121 122 234 235
CommandIdentifier (186)
    on left: 237, on right: 60 61 62 64 65 116 117 121 122 235
CommandRef (187)
    on left: 238, on right: 232 233
DatasetContents (188)
    on left: 239 240 241, on right: 112 230
DatasetRef (189)
    on left: 242, on right: 240 241
Dataset (190)
    on left: 243 244, on right: 89 90 91 96 101 129 228 239 242 296
    298 299
IomIod (191)
    on left: 245 246, on right: 61 62 65 117 122 243 244
IomLevel (192)
    on left: 247, on right: 246
IodName (193)
    on left: 248, on right: 245 246
DatasetIdentifier (194)
    on left: 249 250, on right: 61 62 65 117 122 244
AttributeList (195)
    on left: 251 252, on right: 233 241 252
Attribute (196)
    on left: 253 254, on right: 251 252 273
AttributeIdentification (197)
    on left: 255, on right: 253
AttributeTag (198)
    on left: 256, on right: 255 293
AttributeValue (199)
    on left: 257 258, on right: 253
SequenceValue (200)
    on left: 259, on right: 257
SequenceVR (201)
    on left: 260 261, on right: 259
ItemList (202)
    on left: 262 263, on right: 259
ItemByReferenceList (203)
    on left: 264 265, on right: 262 265
ItemByReference (204)
    on left: 266, on right: 264 265
ItemByValueList (205)
    on left: 267 268, on right: 263 268
ItemByValue (206)
    on left: 269 270, on right: 267 268
ItemAttributeList (207)
    on left: 271 272, on right: 270 272
ItemAttribute (208)
    on left: 273, on right: 271 272
OtherValue (209)
    on left: 274, on right: 258
OptionalVR (210)
    on left: 275 276, on right: 274
AttributeVR (211)
    on left: 277 278 279 280 281 282, on right: 276
Values (212)
    on left: 283 284, on right: 274
VMList (213)
    on left: 285 286, on right: 284 286
Value (214)
    on left: 287 288 289 290, on right: 285 286
TagRef1 (215)
    on left: 291, on right: 39 40 43
TagRef2 (216)
    on left: 292, on right: 39 40 43
TagRef (217)
    on left: 293 294, on right: 99 100 254 291 292 299 300
ObjectRef1 (218)
    on left: 295 296, on right: 39 40 43 48 99
ObjectRef2 (219)
    on left: 297 298, on right: 39 40 43
SequenceRef (220)
    on left: 299 300, on right: 91 300
ItemNumber (221)
    on left: 301 302, on right: 299 300
FileheadContents (222)
    on left: 303 304, on right: 113
Filehead (223)
    on left: 305, on right: 92 303 304
FileheadParameterList (224)
    on left: 306 307, on right: 304 307
FileheadParameter (225)
    on left: 308 309 310, on right: 306 307
FilePreamble (226)
    on left: 311, on right: 308
DicomPrefix (227)
    on left: 312, on right: 309
FileTransferSyntax (228)
    on left: 313, on right: 310
FiletailContents (229)
    on left: 314 315, on right: 114
Filetail (230)
    on left: 316, on right: 93 314 315
FiletailParameterList (231)
    on left: 317 318, on right: 315 318
FiletailParameter (232)
    on left: 319 320 321, on right: 317 318
DatasetTrailingPadding (233)
    on left: 322 323, on right: 319
SectorSize (234)
    on left: 324, on right: 320
PaddingValue (235)
    on left: 325, on right: 321


state 0

    T_LANGUAGE	shift, and go to state 1
    T_RESET	shift, and go to state 2
    T_COMPARE	shift, and go to state 3
    T_COMPARE_NOT	shift, and go to state 4
    T_CONFIRM	shift, and go to state 5
    T_COPY	shift, and go to state 6
    T_CREATE	shift, and go to state 7
    T_DELAY	shift, and go to state 8
    T_DELETE	shift, and go to state 9
    T_DISPLAY	shift, and go to state 10
    T_ECHO	shift, and go to state 11
    T_POPULATE	shift, and go to state 12
    T_READ	shift, and go to state 13
    T_RECEIVE	shift, and go to state 14
    T_ROLE	shift, and go to state 15
    T_SEND	shift, and go to state 16
    T_SET	shift, and go to state 17
    T_SYSTEM	shift, and go to state 18
    T_TIME	shift, and go to state 19
    T_VALIDATE	shift, and go to state 20
    T_VERBOSE	shift, and go to state 21
    T_WRITE	shift, and go to state 22
    T_IMPORT	shift, and go to state 23
    T_EXPORT	shift, and go to state 24
    T_VALIDATION	shift, and go to state 25
    T_DEF_SQ_LENGTH	shift, and go to state 26
    T_ADD_GROUP_LENGTH	shift, and go to state 27
    T_STRICT	shift, and go to state 28
    T_APPL_ENTITY	shift, and go to state 29

    $default	reduce using rule 1 (Language)

    Language	go to state 506
    LanguageGrammar	go to state 30
    LanguageComponents	go to state 31
    LanguageSpecifier	go to state 32
    ResetCommand	go to state 33
    CompareCommand	go to state 34
    ConfirmCommand	go to state 35
    CopyCommand	go to state 36
    CreateCommand	go to state 37
    DelayCommand	go to state 38
    DeleteCommand	go to state 39
    DisplayCommand	go to state 40
    EchoCommand	go to state 41
    ExportCommand	go to state 42
    ImportCommand	go to state 43
    PopulateCommand	go to state 44
    ReadCommand	go to state 45
    ReceiveCommand	go to state 46
    RoleCommand	go to state 47
    SendCommand	go to state 48
    SetCommand	go to state 49
    SystemCommand	go to state 50
    TimeCommand	go to state 51
    ValidateCommand	go to state 52
    VerboseCommand	go to state 53
    WriteCommand	go to state 54
    ApplicationEntityFlagCommand	go to state 55
    ValidationFlagCommand	go to state 56
    DefineSqLengthFlagCommand	go to state 57
    AddGroupLengthFlagCommand	go to state 58
    StrictValidationFlagCommand	go to state 59
    DisplayTagList	go to state 60



state 1

    LanguageSpecifier  ->  T_LANGUAGE . STRING   (rule 33)

    STRING	shift, and go to state 61



state 2

    ResetCommand  ->  T_RESET . T_ALL   (rule 34)
    ResetCommand  ->  T_RESET . T_WAREHOUSE   (rule 35)
    ResetCommand  ->  T_RESET . T_ASSOCIATION   (rule 36)
    ResetCommand  ->  T_RESET . T_RELATION   (rule 37)
    ResetCommand  ->  T_RESET . T_EXECUTION_CONTEXT   (rule 38)

    T_ALL	shift, and go to state 62
    T_WAREHOUSE	shift, and go to state 63
    T_ASSOCIATION	shift, and go to state 64
    T_RELATION	shift, and go to state 65
    T_EXECUTION_CONTEXT	shift, and go to state 66



state 3

    CompareCommand  ->  T_COMPARE . ObjectRef1 TagRef1 ObjectRef2 TagRef2   (rule 39)

    COMMANDFIELD	shift, and go to state 67
    IOMLEVEL	shift, and go to state 68
    STRING	shift, and go to state 69

    Command	go to state 70
    DimseCmd	go to state 71
    Dataset	go to state 72
    IomIod	go to state 73
    IomLevel	go to state 74
    IodName	go to state 75
    ObjectRef1	go to state 76



state 4

    CompareCommand  ->  T_COMPARE_NOT . ObjectRef1 TagRef1 ObjectRef2 TagRef2   (rule 40)

    COMMANDFIELD	shift, and go to state 67
    IOMLEVEL	shift, and go to state 68
    STRING	shift, and go to state 69

    Command	go to state 70
    DimseCmd	go to state 71
    Dataset	go to state 72
    IomIod	go to state 73
    IomLevel	go to state 74
    IodName	go to state 75
    ObjectRef1	go to state 77



state 5

    ConfirmCommand  ->  T_CONFIRM .   (rule 41)
    ConfirmCommand  ->  T_CONFIRM . STRING   (rule 42)

    STRING	shift, and go to state 78

    $default	reduce using rule 41 (ConfirmCommand)



state 6

    CopyCommand  ->  T_COPY . ObjectRef1 TagRef1 ObjectRef2 TagRef2   (rule 43)

    COMMANDFIELD	shift, and go to state 67
    IOMLEVEL	shift, and go to state 68
    STRING	shift, and go to state 69

    Command	go to state 70
    DimseCmd	go to state 71
    Dataset	go to state 72
    IomIod	go to state 73
    IomLevel	go to state 74
    IodName	go to state 75
    ObjectRef1	go to state 79



state 7

    CreateCommand  ->  T_CREATE . CreateList   (rule 44)

    T_ASSOCIATE_RQ	shift, and go to state 80
    T_ASSOCIATE_AC	shift, and go to state 81
    T_ASSOCIATE_RJ	shift, and go to state 82
    T_RELEASE_RQ	shift, and go to state 83
    T_RELEASE_RP	shift, and go to state 84
    T_ABORT_RQ	shift, and go to state 85
    T_FILEHEAD	shift, and go to state 86
    T_FILETAIL	shift, and go to state 87
    T_OPEN_BRACKET	shift, and go to state 88
    COMMANDFIELD	shift, and go to state 67
    IOMLEVEL	shift, and go to state 68
    STRING	shift, and go to state 69

    CreateList	go to state 89
    Acse	go to state 90
    AssociateRq	go to state 91
    AssociateAc	go to state 92
    AssociateRj	go to state 93
    ReleaseRq	go to state 94
    ReleaseRp	go to state 95
    AbortRq	go to state 96
    Sop 	go to state 97
    Command	go to state 98
    DimseCmd	go to state 71
    Dataset	go to state 99
    IomIod	go to state 73
    IomLevel	go to state 74
    IodName	go to state 75
    SequenceRef	go to state 100
    Filehead	go to state 101
    Filetail	go to state 102



state 8

    DelayCommand  ->  T_DELAY . INTEGER   (rule 45)

    INTEGER	shift, and go to state 103



state 9

    DeleteCommand  ->  T_DELETE . DeleteList   (rule 46)

    T_ASSOCIATE_RQ	shift, and go to state 80
    T_ASSOCIATE_AC	shift, and go to state 81
    T_ASSOCIATE_RJ	shift, and go to state 82
    T_RELEASE_RQ	shift, and go to state 83
    T_RELEASE_RP	shift, and go to state 84
    T_ABORT_RQ	shift, and go to state 85
    T_FILEHEAD	shift, and go to state 104
    T_FILETAIL	shift, and go to state 105
    COMMANDFIELD	shift, and go to state 67
    IOMLEVEL	shift, and go to state 68
    STRING	shift, and go to state 69

    DeleteList	go to state 106
    Acse	go to state 107
    AssociateRq	go to state 91
    AssociateAc	go to state 92
    AssociateRj	go to state 93
    ReleaseRq	go to state 94
    ReleaseRp	go to state 95
    AbortRq	go to state 96
    Command	go to state 108
    DimseCmd	go to state 71
    Dataset	go to state 109
    IomIod	go to state 73
    IomLevel	go to state 74
    IodName	go to state 75



state 10

    DisplayCommand  ->  T_DISPLAY . ObjectRef1   (rule 48)
    DisplayCommand  ->  T_DISPLAY . T_WAREHOUSE   (rule 49)
    DisplayTagList  ->  T_DISPLAY . ObjectRef1 TagRef   (rule 99)

    T_WAREHOUSE	shift, and go to state 110
    COMMANDFIELD	shift, and go to state 67
    IOMLEVEL	shift, and go to state 68
    STRING	shift, and go to state 69

    Command	go to state 70
    DimseCmd	go to state 71
    Dataset	go to state 72
    IomIod	go to state 73
    IomLevel	go to state 74
    IodName	go to state 75
    ObjectRef1	go to state 111



state 11

    EchoCommand  ->  T_ECHO . STRING   (rule 50)

    STRING	shift, and go to state 112



state 12

    PopulateCommand  ->  T_POPULATE . T_ON   (rule 66)
    PopulateCommand  ->  T_POPULATE . T_OFF   (rule 67)

    T_ON	shift, and go to state 113
    T_OFF	shift, and go to state 114



state 13

    ReadCommand  ->  T_READ . ReadList   (rule 68)

    STRING	shift, and go to state 115

    ReadList	go to state 116



state 14

    ReceiveCommand  ->  T_RECEIVE . ReceiveList   (rule 69)

    T_ASSOCIATE_RQ	shift, and go to state 80
    T_ASSOCIATE_AC	shift, and go to state 81
    T_ASSOCIATE_RJ	shift, and go to state 82
    T_RELEASE_RQ	shift, and go to state 83
    T_RELEASE_RP	shift, and go to state 84
    T_ABORT_RQ	shift, and go to state 85
    COMMANDFIELD	shift, and go to state 67

    $default	reduce using rule 123 (SopList)

    ReceiveList	go to state 117
    SopList	go to state 118
    AcseContents	go to state 119
    AssociateRqContents	go to state 120
    AssociateAcContents	go to state 121
    AssociateRjContents	go to state 122
    ReleaseRqContents	go to state 123
    ReleaseRpContents	go to state 124
    AbortRqContents	go to state 125
    AssociateRq	go to state 126
    AssociateAc	go to state 127
    AssociateRj	go to state 128
    ReleaseRq	go to state 129
    ReleaseRp	go to state 130
    AbortRq	go to state 131
    SopContents	go to state 132
    CommandContents	go to state 133
    Command	go to state 134
    DimseCmd	go to state 71
    CommandRef	go to state 135



state 15

    RoleCommand  ->  T_ROLE . USERPROVIDER   (rule 70)

    USERPROVIDER	shift, and go to state 136



state 16

    SendCommand  ->  T_SEND . SendList   (rule 71)

    T_ASSOCIATE_RQ	shift, and go to state 80
    T_ASSOCIATE_AC	shift, and go to state 81
    T_ASSOCIATE_RJ	shift, and go to state 82
    T_RELEASE_RQ	shift, and go to state 83
    T_RELEASE_RP	shift, and go to state 84
    T_ABORT_RQ	shift, and go to state 85
    COMMANDFIELD	shift, and go to state 67

    SendList	go to state 137
    AcseContents	go to state 138
    AssociateRqContents	go to state 120
    AssociateAcContents	go to state 121
    AssociateRjContents	go to state 122
    ReleaseRqContents	go to state 123
    ReleaseRpContents	go to state 124
    AbortRqContents	go to state 125
    AssociateRq	go to state 126
    AssociateAc	go to state 127
    AssociateRj	go to state 128
    ReleaseRq	go to state 129
    ReleaseRp	go to state 130
    AbortRq	go to state 131
    SopContents	go to state 139
    CommandContents	go to state 133
    Command	go to state 134
    DimseCmd	go to state 71
    CommandRef	go to state 135



state 17

    SetCommand  ->  T_SET . SetList   (rule 72)

    T_ASSOCIATE_RQ	shift, and go to state 80
    T_ASSOCIATE_AC	shift, and go to state 81
    T_ASSOCIATE_RJ	shift, and go to state 82
    T_RELEASE_RQ	shift, and go to state 83
    T_RELEASE_RP	shift, and go to state 84
    T_ABORT_RQ	shift, and go to state 85
    T_FILEHEAD	shift, and go to state 86
    T_FILETAIL	shift, and go to state 87
    COMMANDFIELD	shift, and go to state 67
    IOMLEVEL	shift, and go to state 68
    STRING	shift, and go to state 69

    SetList	go to state 140
    AcseContents	go to state 141
    AssociateRqContents	go to state 120
    AssociateAcContents	go to state 121
    AssociateRjContents	go to state 122
    ReleaseRqContents	go to state 123
    ReleaseRpContents	go to state 124
    AbortRqContents	go to state 125
    AssociateRq	go to state 126
    AssociateAc	go to state 127
    AssociateRj	go to state 128
    ReleaseRq	go to state 129
    ReleaseRp	go to state 130
    AbortRq	go to state 131
    CommandContents	go to state 142
    Command	go to state 143
    DimseCmd	go to state 71
    CommandRef	go to state 135
    DatasetContents	go to state 144
    DatasetRef	go to state 145
    Dataset	go to state 146
    IomIod	go to state 73
    IomLevel	go to state 74
    IodName	go to state 75
    FileheadContents	go to state 147
    Filehead	go to state 148
    FiletailContents	go to state 149
    Filetail	go to state 150



state 18

    SystemCommand  ->  T_SYSTEM . STRING   (rule 73)

    STRING	shift, and go to state 151



state 19

    TimeCommand  ->  T_TIME .   (rule 74)

    $default	reduce using rule 74 (TimeCommand)



state 20

    ValidateCommand  ->  T_VALIDATE . ValidateList   (rule 75)

    COMMANDFIELD	shift, and go to state 67

    ValidateList	go to state 152
    SourceSopRef	go to state 153
    DimseCmd	go to state 154



state 21

    VerboseCommand  ->  T_VERBOSE . T_ON   (rule 76)
    VerboseCommand  ->  T_VERBOSE . T_OFF   (rule 77)

    T_ON	shift, and go to state 155
    T_OFF	shift, and go to state 156



state 22

    WriteCommand  ->  T_WRITE . WriteList   (rule 78)

    STRING	shift, and go to state 157

    WriteList	go to state 158



state 23

    ImportCommand  ->  T_IMPORT . ImportList   (rule 63)

    COMMANDFIELD	shift, and go to state 67

    ImportList	go to state 159
    DimseCmd	go to state 160



state 24

    ExportCommand  ->  T_EXPORT . ExportList   (rule 51)

    T_ASSOCIATE_RQ	shift, and go to state 80
    T_ASSOCIATE_AC	shift, and go to state 81
    T_ASSOCIATE_RJ	shift, and go to state 82
    T_RELEASE_RQ	shift, and go to state 83
    T_RELEASE_RP	shift, and go to state 84
    T_ABORT_RQ	shift, and go to state 85
    COMMANDFIELD	shift, and go to state 67

    ExportList	go to state 161
    ExportAcseObject	go to state 162
    ExportDimseObjects	go to state 163
    AssociateRq	go to state 164
    AssociateAc	go to state 165
    AssociateRj	go to state 166
    ReleaseRq	go to state 167
    ReleaseRp	go to state 168
    AbortRq	go to state 169
    DimseCmd	go to state 170



state 25

    ValidationFlagCommand  ->  T_VALIDATION . VALIDATIONFLAG   (rule 80)

    VALIDATIONFLAG	shift, and go to state 171



state 26

    DefineSqLengthFlagCommand  ->  T_DEF_SQ_LENGTH . T_ON   (rule 81)
    DefineSqLengthFlagCommand  ->  T_DEF_SQ_LENGTH . T_OFF   (rule 82)

    T_ON	shift, and go to state 172
    T_OFF	shift, and go to state 173



state 27

    AddGroupLengthFlagCommand  ->  T_ADD_GROUP_LENGTH . T_ON   (rule 83)
    AddGroupLengthFlagCommand  ->  T_ADD_GROUP_LENGTH . T_OFF   (rule 84)

    T_ON	shift, and go to state 174
    T_OFF	shift, and go to state 175



state 28

    StrictValidationFlagCommand  ->  T_STRICT . T_ON   (rule 85)
    StrictValidationFlagCommand  ->  T_STRICT . T_OFF   (rule 86)

    T_ON	shift, and go to state 176
    T_OFF	shift, and go to state 177



state 29

    ApplicationEntityFlagCommand  ->  T_APPL_ENTITY . STRING STRING   (rule 79)

    STRING	shift, and go to state 178



state 30

    Language  ->  LanguageGrammar .   (rule 2)
    LanguageGrammar  ->  LanguageGrammar . LanguageComponents   (rule 4)

    T_LANGUAGE	shift, and go to state 1
    T_RESET	shift, and go to state 2
    T_COMPARE	shift, and go to state 3
    T_COMPARE_NOT	shift, and go to state 4
    T_CONFIRM	shift, and go to state 5
    T_COPY	shift, and go to state 6
    T_CREATE	shift, and go to state 7
    T_DELAY	shift, and go to state 8
    T_DELETE	shift, and go to state 9
    T_DISPLAY	shift, and go to state 10
    T_ECHO	shift, and go to state 11
    T_POPULATE	shift, and go to state 12
    T_READ	shift, and go to state 13
    T_RECEIVE	shift, and go to state 14
    T_ROLE	shift, and go to state 15
    T_SEND	shift, and go to state 16
    T_SET	shift, and go to state 17
    T_SYSTEM	shift, and go to state 18
    T_TIME	shift, and go to state 19
    T_VALIDATE	shift, and go to state 20
    T_VERBOSE	shift, and go to state 21
    T_WRITE	shift, and go to state 22
    T_IMPORT	shift, and go to state 23
    T_EXPORT	shift, and go to state 24
    T_VALIDATION	shift, and go to state 25
    T_DEF_SQ_LENGTH	shift, and go to state 26
    T_ADD_GROUP_LENGTH	shift, and go to state 27
    T_STRICT	shift, and go to state 28
    T_APPL_ENTITY	shift, and go to state 29

    $default	reduce using rule 2 (Language)

    LanguageComponents	go to state 179
    LanguageSpecifier	go to state 32
    ResetCommand	go to state 33
    CompareCommand	go to state 34
    ConfirmCommand	go to state 35
    CopyCommand	go to state 36
    CreateCommand	go to state 37
    DelayCommand	go to state 38
    DeleteCommand	go to state 39
    DisplayCommand	go to state 40
    EchoCommand	go to state 41
    ExportCommand	go to state 42
    ImportCommand	go to state 43
    PopulateCommand	go to state 44
    ReadCommand	go to state 45
    ReceiveCommand	go to state 46
    RoleCommand	go to state 47
    SendCommand	go to state 48
    SetCommand	go to state 49
    SystemCommand	go to state 50
    TimeCommand	go to state 51
    ValidateCommand	go to state 52
    VerboseCommand	go to state 53
    WriteCommand	go to state 54
    ApplicationEntityFlagCommand	go to state 55
    ValidationFlagCommand	go to state 56
    DefineSqLengthFlagCommand	go to state 57
    AddGroupLengthFlagCommand	go to state 58
    StrictValidationFlagCommand	go to state 59
    DisplayTagList	go to state 60



state 31

    LanguageGrammar  ->  LanguageComponents .   (rule 3)

    $default	reduce using rule 3 (LanguageGrammar)



state 32

    LanguageComponents  ->  LanguageSpecifier .   (rule 5)

    $default	reduce using rule 5 (LanguageComponents)



state 33

    LanguageComponents  ->  ResetCommand .   (rule 6)

    $default	reduce using rule 6 (LanguageComponents)



state 34

    LanguageComponents  ->  CompareCommand .   (rule 7)

    $default	reduce using rule 7 (LanguageComponents)



state 35

    LanguageComponents  ->  ConfirmCommand .   (rule 8)

    $default	reduce using rule 8 (LanguageComponents)



state 36

    LanguageComponents  ->  CopyCommand .   (rule 9)

    $default	reduce using rule 9 (LanguageComponents)



state 37

    LanguageComponents  ->  CreateCommand .   (rule 10)

    $default	reduce using rule 10 (LanguageComponents)



state 38

    LanguageComponents  ->  DelayCommand .   (rule 11)

    $default	reduce using rule 11 (LanguageComponents)



state 39

    LanguageComponents  ->  DeleteCommand .   (rule 12)

    $default	reduce using rule 12 (LanguageComponents)



state 40

    LanguageComponents  ->  DisplayCommand .   (rule 13)

    $default	reduce using rule 13 (LanguageComponents)



state 41

    LanguageComponents  ->  EchoCommand .   (rule 14)

    $default	reduce using rule 14 (LanguageComponents)



state 42

    LanguageComponents  ->  ExportCommand .   (rule 15)

    $default	reduce using rule 15 (LanguageComponents)



state 43

    LanguageComponents  ->  ImportCommand .   (rule 16)

    $default	reduce using rule 16 (LanguageComponents)



state 44

    LanguageComponents  ->  PopulateCommand .   (rule 17)

    $default	reduce using rule 17 (LanguageComponents)



state 45

    LanguageComponents  ->  ReadCommand .   (rule 18)

    $default	reduce using rule 18 (LanguageComponents)



state 46

    LanguageComponents  ->  ReceiveCommand .   (rule 19)

    $default	reduce using rule 19 (LanguageComponents)



state 47

    LanguageComponents  ->  RoleCommand .   (rule 20)

    $default	reduce using rule 20 (LanguageComponents)



state 48

    LanguageComponents  ->  SendCommand .   (rule 21)

    $default	reduce using rule 21 (LanguageComponents)



state 49

    LanguageComponents  ->  SetCommand .   (rule 22)

    $default	reduce using rule 22 (LanguageComponents)



state 50

    LanguageComponents  ->  SystemCommand .   (rule 23)

    $default	reduce using rule 23 (LanguageComponents)



state 51

    LanguageComponents  ->  TimeCommand .   (rule 24)

    $default	reduce using rule 24 (LanguageComponents)



state 52

    LanguageComponents  ->  ValidateCommand .   (rule 25)

    $default	reduce using rule 25 (LanguageComponents)



state 53

    LanguageComponents  ->  VerboseCommand .   (rule 26)

    $default	reduce using rule 26 (LanguageComponents)



state 54

    LanguageComponents  ->  WriteCommand .   (rule 27)

    $default	reduce using rule 27 (LanguageComponents)



state 55

    LanguageComponents  ->  ApplicationEntityFlagCommand .   (rule 28)

    $default	reduce using rule 28 (LanguageComponents)



state 56

    LanguageComponents  ->  ValidationFlagCommand .   (rule 29)

    $default	reduce using rule 29 (LanguageComponents)



state 57

    LanguageComponents  ->  DefineSqLengthFlagCommand .   (rule 30)

    $default	reduce using rule 30 (LanguageComponents)



state 58

    LanguageComponents  ->  AddGroupLengthFlagCommand .   (rule 31)

    $default	reduce using rule 31 (LanguageComponents)



state 59

    LanguageComponents  ->  StrictValidationFlagCommand .   (rule 32)

    $default	reduce using rule 32 (LanguageComponents)



state 60

    DisplayCommand  ->  DisplayTagList .   (rule 47)
    DisplayTagList  ->  DisplayTagList . TagRef   (rule 100)

    HEXADECIMAL	shift, and go to state 180
    STRING	shift, and go to state 181

    $default	reduce using rule 47 (DisplayCommand)

    AttributeTag	go to state 182
    TagRef	go to state 183



state 61

    LanguageSpecifier  ->  T_LANGUAGE STRING .   (rule 33)

    $default	reduce using rule 33 (LanguageSpecifier)



state 62

    ResetCommand  ->  T_RESET T_ALL .   (rule 34)

    $default	reduce using rule 34 (ResetCommand)



state 63

    ResetCommand  ->  T_RESET T_WAREHOUSE .   (rule 35)

    $default	reduce using rule 35 (ResetCommand)



state 64

    ResetCommand  ->  T_RESET T_ASSOCIATION .   (rule 36)

    $default	reduce using rule 36 (ResetCommand)



state 65

    ResetCommand  ->  T_RESET T_RELATION .   (rule 37)

    $default	reduce using rule 37 (ResetCommand)



state 66

    ResetCommand  ->  T_RESET T_EXECUTION_CONTEXT .   (rule 38)

    $default	reduce using rule 38 (ResetCommand)



state 67

    DimseCmd  ->  COMMANDFIELD .   (rule 236)

    $default	reduce using rule 236 (DimseCmd)



state 68

    IomLevel  ->  IOMLEVEL .   (rule 247)

    $default	reduce using rule 247 (IomLevel)



state 69

    IodName  ->  STRING .   (rule 248)

    $default	reduce using rule 248 (IodName)



state 70

    ObjectRef1  ->  Command .   (rule 295)

    $default	reduce using rule 295 (ObjectRef1)



state 71

    Command  ->  DimseCmd .   (rule 234)
    Command  ->  DimseCmd . CommandIdentifier   (rule 235)

    IDENTIFIER	shift, and go to state 184

    $default	reduce using rule 234 (Command)

    CommandIdentifier	go to state 185



state 72

    ObjectRef1  ->  Dataset .   (rule 296)

    $default	reduce using rule 296 (ObjectRef1)



state 73

    Dataset  ->  IomIod .   (rule 243)
    Dataset  ->  IomIod . DatasetIdentifier   (rule 244)

    IDENTIFIER	shift, and go to state 186
    STRING	shift, and go to state 187

    STRING	[reduce using rule 243 (Dataset)]
    $default	reduce using rule 243 (Dataset)

    DatasetIdentifier	go to state 188



state 74

    IomIod  ->  IomLevel . IodName   (rule 246)

    STRING	shift, and go to state 69

    IodName	go to state 189



state 75

    IomIod  ->  IodName .   (rule 245)

    $default	reduce using rule 245 (IomIod)



state 76

    CompareCommand  ->  T_COMPARE ObjectRef1 . TagRef1 ObjectRef2 TagRef2   (rule 39)

    HEXADECIMAL	shift, and go to state 180
    STRING	shift, and go to state 181

    AttributeTag	go to state 182
    TagRef1	go to state 190
    TagRef	go to state 191



state 77

    CompareCommand  ->  T_COMPARE_NOT ObjectRef1 . TagRef1 ObjectRef2 TagRef2   (rule 40)

    HEXADECIMAL	shift, and go to state 180
    STRING	shift, and go to state 181

    AttributeTag	go to state 182
    TagRef1	go to state 192
    TagRef	go to state 191



state 78

    ConfirmCommand  ->  T_CONFIRM STRING .   (rule 42)

    $default	reduce using rule 42 (ConfirmCommand)



state 79

    CopyCommand  ->  T_COPY ObjectRef1 . TagRef1 ObjectRef2 TagRef2   (rule 43)

    HEXADECIMAL	shift, and go to state 180
    STRING	shift, and go to state 181

    AttributeTag	go to state 182
    TagRef1	go to state 193
    TagRef	go to state 191



state 80

    AssociateRq  ->  T_ASSOCIATE_RQ .   (rule 221)

    $default	reduce using rule 221 (AssociateRq)



state 81

    AssociateAc  ->  T_ASSOCIATE_AC .   (rule 222)

    $default	reduce using rule 222 (AssociateAc)



state 82

    AssociateRj  ->  T_ASSOCIATE_RJ .   (rule 223)

    $default	reduce using rule 223 (AssociateRj)



state 83

    ReleaseRq  ->  T_RELEASE_RQ .   (rule 224)

    $default	reduce using rule 224 (ReleaseRq)



state 84

    ReleaseRp  ->  T_RELEASE_RP .   (rule 225)

    $default	reduce using rule 225 (ReleaseRp)



state 85

    AbortRq  ->  T_ABORT_RQ .   (rule 226)

    $default	reduce using rule 226 (AbortRq)



state 86

    Filehead  ->  T_FILEHEAD .   (rule 305)

    $default	reduce using rule 305 (Filehead)



state 87

    Filetail  ->  T_FILETAIL .   (rule 316)

    $default	reduce using rule 316 (Filetail)



state 88

    SequenceRef  ->  T_OPEN_BRACKET . Dataset TagRef ItemNumber T_CLOSE_BRACKET   (rule 299)
    SequenceRef  ->  T_OPEN_BRACKET . SequenceRef TagRef ItemNumber T_CLOSE_BRACKET   (rule 300)

    T_OPEN_BRACKET	shift, and go to state 88
    IOMLEVEL	shift, and go to state 68
    STRING	shift, and go to state 69

    Dataset	go to state 194
    IomIod	go to state 73
    IomLevel	go to state 74
    IodName	go to state 75
    SequenceRef	go to state 195



state 89

    CreateCommand  ->  T_CREATE CreateList .   (rule 44)

    $default	reduce using rule 44 (CreateCommand)



state 90

    CreateList  ->  Acse .   (rule 87)

    $default	reduce using rule 87 (CreateList)



state 91

    Acse  ->  AssociateRq .   (rule 130)

    $default	reduce using rule 130 (Acse)



state 92

    Acse  ->  AssociateAc .   (rule 131)

    $default	reduce using rule 131 (Acse)



state 93

    Acse  ->  AssociateRj .   (rule 132)

    $default	reduce using rule 132 (Acse)



state 94

    Acse  ->  ReleaseRq .   (rule 133)

    $default	reduce using rule 133 (Acse)



state 95

    Acse  ->  ReleaseRp .   (rule 134)

    $default	reduce using rule 134 (Acse)



state 96

    Acse  ->  AbortRq .   (rule 135)

    $default	reduce using rule 135 (Acse)



state 97

    CreateList  ->  Sop .   (rule 88)

    $default	reduce using rule 88 (CreateList)



state 98

    Sop  ->  Command .   (rule 227)
    Sop  ->  Command . Dataset   (rule 228)

    IOMLEVEL	shift, and go to state 68
    STRING	shift, and go to state 69

    $default	reduce using rule 227 (Sop)

    Dataset	go to state 196
    IomIod	go to state 73
    IomLevel	go to state 74
    IodName	go to state 75



state 99

    CreateList  ->  Dataset .   (rule 89)
    CreateList  ->  Dataset . T_DEFINED_LENGTH   (rule 90)

    T_DEFINED_LENGTH	shift, and go to state 197

    $default	reduce using rule 89 (CreateList)



state 100

    CreateList  ->  SequenceRef . Dataset   (rule 91)

    IOMLEVEL	shift, and go to state 68
    STRING	shift, and go to state 69

    Dataset	go to state 198
    IomIod	go to state 73
    IomLevel	go to state 74
    IodName	go to state 75



state 101

    CreateList  ->  Filehead .   (rule 92)

    $default	reduce using rule 92 (CreateList)



state 102

    CreateList  ->  Filetail .   (rule 93)

    $default	reduce using rule 93 (CreateList)



state 103

    DelayCommand  ->  T_DELAY INTEGER .   (rule 45)

    $default	reduce using rule 45 (DelayCommand)



state 104

    DeleteList  ->  T_FILEHEAD .   (rule 97)

    $default	reduce using rule 97 (DeleteList)



state 105

    DeleteList  ->  T_FILETAIL .   (rule 98)

    $default	reduce using rule 98 (DeleteList)



state 106

    DeleteCommand  ->  T_DELETE DeleteList .   (rule 46)

    $default	reduce using rule 46 (DeleteCommand)



state 107

    DeleteList  ->  Acse .   (rule 94)

    $default	reduce using rule 94 (DeleteList)



state 108

    DeleteList  ->  Command .   (rule 95)

    $default	reduce using rule 95 (DeleteList)



state 109

    DeleteList  ->  Dataset .   (rule 96)

    $default	reduce using rule 96 (DeleteList)



state 110

    DisplayCommand  ->  T_DISPLAY T_WAREHOUSE .   (rule 49)

    $default	reduce using rule 49 (DisplayCommand)



state 111

    DisplayCommand  ->  T_DISPLAY ObjectRef1 .   (rule 48)
    DisplayTagList  ->  T_DISPLAY ObjectRef1 . TagRef   (rule 99)

    HEXADECIMAL	shift, and go to state 180
    STRING	shift, and go to state 181

    $default	reduce using rule 48 (DisplayCommand)

    AttributeTag	go to state 182
    TagRef	go to state 199



state 112

    EchoCommand  ->  T_ECHO STRING .   (rule 50)

    $default	reduce using rule 50 (EchoCommand)



state 113

    PopulateCommand  ->  T_POPULATE T_ON .   (rule 66)

    $default	reduce using rule 66 (PopulateCommand)



state 114

    PopulateCommand  ->  T_POPULATE T_OFF .   (rule 67)

    $default	reduce using rule 67 (PopulateCommand)



state 115

    ReadList  ->  STRING . Dataset   (rule 101)
    ReadList  ->  STRING . HEXADECIMAL   (rule 102)

    HEXADECIMAL	shift, and go to state 200
    IOMLEVEL	shift, and go to state 68
    STRING	shift, and go to state 69

    Dataset	go to state 201
    IomIod	go to state 73
    IomLevel	go to state 74
    IodName	go to state 75



state 116

    ReadCommand  ->  T_READ ReadList .   (rule 68)

    $default	reduce using rule 68 (ReadCommand)



state 117

    ReceiveCommand  ->  T_RECEIVE ReceiveList .   (rule 69)

    $default	reduce using rule 69 (ReceiveCommand)



state 118

    ReceiveList  ->  SopList .   (rule 104)
    SopList  ->  SopList . T_OR SopContents   (rule 125)
    SopList  ->  SopList . T_AND SopContents   (rule 126)

    T_OR	shift, and go to state 202
    T_AND	shift, and go to state 203

    $default	reduce using rule 104 (ReceiveList)



state 119

    ReceiveList  ->  AcseContents .   (rule 103)

    $default	reduce using rule 103 (ReceiveList)



state 120

    AcseContents  ->  AssociateRqContents .   (rule 136)

    $default	reduce using rule 136 (AcseContents)



state 121

    AcseContents  ->  AssociateAcContents .   (rule 137)

    $default	reduce using rule 137 (AcseContents)



state 122

    AcseContents  ->  AssociateRjContents .   (rule 138)

    $default	reduce using rule 138 (AcseContents)



state 123

    AcseContents  ->  ReleaseRqContents .   (rule 139)

    $default	reduce using rule 139 (AcseContents)



state 124

    AcseContents  ->  ReleaseRpContents .   (rule 140)

    $default	reduce using rule 140 (AcseContents)



state 125

    AcseContents  ->  AbortRqContents .   (rule 141)

    $default	reduce using rule 141 (AcseContents)



state 126

    AssociateRqContents  ->  AssociateRq .   (rule 142)
    AssociateRqContents  ->  AssociateRq . T_OPEN_BRACKET AssociateRqParameterList T_CLOSE_BRACKET   (rule 143)

    T_OPEN_BRACKET	shift, and go to state 204

    $default	reduce using rule 142 (AssociateRqContents)



state 127

    AssociateAcContents  ->  AssociateAc .   (rule 180)
    AssociateAcContents  ->  AssociateAc . T_OPEN_BRACKET AssociateAcParameterList T_CLOSE_BRACKET   (rule 181)

    T_OPEN_BRACKET	shift, and go to state 205

    $default	reduce using rule 180 (AssociateAcContents)



state 128

    AssociateRjContents  ->  AssociateRj .   (rule 206)
    AssociateRjContents  ->  AssociateRj . T_OPEN_BRACKET AssociateRjParameterList T_CLOSE_BRACKET   (rule 207)

    T_OPEN_BRACKET	shift, and go to state 206

    $default	reduce using rule 206 (AssociateRjContents)



state 129

    ReleaseRqContents  ->  ReleaseRq .   (rule 213)

    $default	reduce using rule 213 (ReleaseRqContents)



state 130

    ReleaseRpContents  ->  ReleaseRp .   (rule 214)

    $default	reduce using rule 214 (ReleaseRpContents)



state 131

    AbortRqContents  ->  AbortRq .   (rule 215)
    AbortRqContents  ->  AbortRq . T_OPEN_BRACKET AbortRqParameterList T_CLOSE_BRACKET   (rule 216)

    T_OPEN_BRACKET	shift, and go to state 207

    $default	reduce using rule 215 (AbortRqContents)



state 132

    SopList  ->  SopContents .   (rule 124)

    $default	reduce using rule 124 (SopList)



state 133

    SopContents  ->  CommandContents .   (rule 229)

    $default	reduce using rule 229 (SopContents)



state 134

    SopContents  ->  Command . DatasetContents   (rule 230)
    CommandContents  ->  Command .   (rule 231)
    CommandRef  ->  Command .   (rule 238)

    IOMLEVEL	shift, and go to state 68
    STRING	shift, and go to state 69

    T_OPEN_BRACKET	reduce using rule 238 (CommandRef)
    $default	reduce using rule 231 (CommandContents)

    DatasetContents	go to state 208
    DatasetRef	go to state 145
    Dataset	go to state 146
    IomIod	go to state 73
    IomLevel	go to state 74
    IodName	go to state 75



state 135

    CommandContents  ->  CommandRef . T_OPEN_BRACKET T_CLOSE_BRACKET   (rule 232)
    CommandContents  ->  CommandRef . T_OPEN_BRACKET AttributeList T_CLOSE_BRACKET   (rule 233)

    T_OPEN_BRACKET	shift, and go to state 209



state 136

    RoleCommand  ->  T_ROLE USERPROVIDER .   (rule 70)

    $default	reduce using rule 70 (RoleCommand)



state 137

    SendCommand  ->  T_SEND SendList .   (rule 71)

    $default	reduce using rule 71 (SendCommand)



state 138

    SendList  ->  AcseContents .   (rule 105)

    $default	reduce using rule 105 (SendList)



state 139

    SendList  ->  SopContents .   (rule 106)
    SendList  ->  SopContents . T_PRES_CTX PresentationContextId   (rule 107)

    T_PRES_CTX	shift, and go to state 210

    $default	reduce using rule 106 (SendList)



state 140

    SetCommand  ->  T_SET SetList .   (rule 72)

    $default	reduce using rule 72 (SetCommand)



state 141

    SetList  ->  AcseContents .   (rule 110)

    $default	reduce using rule 110 (SetList)



state 142

    SetList  ->  CommandContents .   (rule 111)

    $default	reduce using rule 111 (SetList)



state 143

    CommandContents  ->  Command .   (rule 231)
    CommandRef  ->  Command .   (rule 238)

    T_OPEN_BRACKET	reduce using rule 238 (CommandRef)
    $default	reduce using rule 231 (CommandContents)



state 144

    SetList  ->  DatasetContents .   (rule 112)

    $default	reduce using rule 112 (SetList)



state 145

    DatasetContents  ->  DatasetRef . T_OPEN_BRACKET T_CLOSE_BRACKET   (rule 240)
    DatasetContents  ->  DatasetRef . T_OPEN_BRACKET AttributeList T_CLOSE_BRACKET   (rule 241)

    T_OPEN_BRACKET	shift, and go to state 211



state 146

    DatasetContents  ->  Dataset .   (rule 239)
    DatasetRef  ->  Dataset .   (rule 242)

    T_OPEN_BRACKET	reduce using rule 242 (DatasetRef)
    $default	reduce using rule 239 (DatasetContents)



state 147

    SetList  ->  FileheadContents .   (rule 113)

    $default	reduce using rule 113 (SetList)



state 148

    FileheadContents  ->  Filehead .   (rule 303)
    FileheadContents  ->  Filehead . T_OPEN_BRACKET FileheadParameterList T_CLOSE_BRACKET   (rule 304)

    T_OPEN_BRACKET	shift, and go to state 212

    $default	reduce using rule 303 (FileheadContents)



state 149

    SetList  ->  FiletailContents .   (rule 114)

    $default	reduce using rule 114 (SetList)



state 150

    FiletailContents  ->  Filetail .   (rule 314)
    FiletailContents  ->  Filetail . T_OPEN_BRACKET FiletailParameterList T_CLOSE_BRACKET   (rule 315)

    T_OPEN_BRACKET	shift, and go to state 213

    $default	reduce using rule 314 (FiletailContents)



state 151

    SystemCommand  ->  T_SYSTEM STRING .   (rule 73)

    $default	reduce using rule 73 (SystemCommand)



state 152

    ValidateCommand  ->  T_VALIDATE ValidateList .   (rule 75)

    $default	reduce using rule 75 (ValidateCommand)



state 153

    ValidateList  ->  SourceSopRef . ReferenceSopList   (rule 115)

    COMMANDFIELD	shift, and go to state 67

    $default	reduce using rule 118 (ReferenceSopList)

    ReferenceSopList	go to state 214
    ReferenceSopRef	go to state 215
    DimseCmd	go to state 216



state 154

    SourceSopRef  ->  DimseCmd . CommandIdentifier   (rule 116)
    SourceSopRef  ->  DimseCmd . CommandIdentifier IomIod DatasetIdentifier   (rule 117)

    IDENTIFIER	shift, and go to state 184

    CommandIdentifier	go to state 217



state 155

    VerboseCommand  ->  T_VERBOSE T_ON .   (rule 76)

    $default	reduce using rule 76 (VerboseCommand)



state 156

    VerboseCommand  ->  T_VERBOSE T_OFF .   (rule 77)

    $default	reduce using rule 77 (VerboseCommand)



state 157

    WriteList  ->  STRING . T_FILEHEAD   (rule 127)
    WriteList  ->  STRING . T_FILETAIL   (rule 128)
    WriteList  ->  STRING . Dataset   (rule 129)

    T_FILEHEAD	shift, and go to state 218
    T_FILETAIL	shift, and go to state 219
    IOMLEVEL	shift, and go to state 68
    STRING	shift, and go to state 69

    Dataset	go to state 220
    IomIod	go to state 73
    IomLevel	go to state 74
    IodName	go to state 75



state 158

    WriteCommand  ->  T_WRITE WriteList .   (rule 78)

    $default	reduce using rule 78 (WriteCommand)



state 159

    ImportCommand  ->  T_IMPORT ImportList .   (rule 63)

    $default	reduce using rule 63 (ImportCommand)



state 160

    ImportList  ->  DimseCmd . CommandIdentifier   (rule 64)
    ImportList  ->  DimseCmd . CommandIdentifier IomIod DatasetIdentifier   (rule 65)

    IDENTIFIER	shift, and go to state 184

    CommandIdentifier	go to state 221



state 161

    ExportCommand  ->  T_EXPORT ExportList .   (rule 51)

    $default	reduce using rule 51 (ExportCommand)



state 162

    ExportList  ->  ExportAcseObject .   (rule 52)

    $default	reduce using rule 52 (ExportList)



state 163

    ExportList  ->  ExportDimseObjects .   (rule 53)

    $default	reduce using rule 53 (ExportList)



state 164

    ExportAcseObject  ->  AssociateRq .   (rule 54)

    $default	reduce using rule 54 (ExportAcseObject)



state 165

    ExportAcseObject  ->  AssociateAc .   (rule 55)

    $default	reduce using rule 55 (ExportAcseObject)



state 166

    ExportAcseObject  ->  AssociateRj .   (rule 56)

    $default	reduce using rule 56 (ExportAcseObject)



state 167

    ExportAcseObject  ->  ReleaseRq .   (rule 57)

    $default	reduce using rule 57 (ExportAcseObject)



state 168

    ExportAcseObject  ->  ReleaseRp .   (rule 58)

    $default	reduce using rule 58 (ExportAcseObject)



state 169

    ExportAcseObject  ->  AbortRq .   (rule 59)

    $default	reduce using rule 59 (ExportAcseObject)



state 170

    ExportDimseObjects  ->  DimseCmd . CommandIdentifier   (rule 60)
    ExportDimseObjects  ->  DimseCmd . CommandIdentifier IomIod DatasetIdentifier   (rule 61)
    ExportDimseObjects  ->  DimseCmd . CommandIdentifier IomIod DatasetIdentifier T_PRES_CTX PresentationContextId   (rule 62)

    IDENTIFIER	shift, and go to state 184

    CommandIdentifier	go to state 222



state 171

    ValidationFlagCommand  ->  T_VALIDATION VALIDATIONFLAG .   (rule 80)

    $default	reduce using rule 80 (ValidationFlagCommand)



state 172

    DefineSqLengthFlagCommand  ->  T_DEF_SQ_LENGTH T_ON .   (rule 81)

    $default	reduce using rule 81 (DefineSqLengthFlagCommand)



state 173

    DefineSqLengthFlagCommand  ->  T_DEF_SQ_LENGTH T_OFF .   (rule 82)

    $default	reduce using rule 82 (DefineSqLengthFlagCommand)



state 174

    AddGroupLengthFlagCommand  ->  T_ADD_GROUP_LENGTH T_ON .   (rule 83)

    $default	reduce using rule 83 (AddGroupLengthFlagCommand)



state 175

    AddGroupLengthFlagCommand  ->  T_ADD_GROUP_LENGTH T_OFF .   (rule 84)

    $default	reduce using rule 84 (AddGroupLengthFlagCommand)



state 176

    StrictValidationFlagCommand  ->  T_STRICT T_ON .   (rule 85)

    $default	reduce using rule 85 (StrictValidationFlagCommand)



state 177

    StrictValidationFlagCommand  ->  T_STRICT T_OFF .   (rule 86)

    $default	reduce using rule 86 (StrictValidationFlagCommand)



state 178

    ApplicationEntityFlagCommand  ->  T_APPL_ENTITY STRING . STRING   (rule 79)

    STRING	shift, and go to state 223



state 179

    LanguageGrammar  ->  LanguageGrammar LanguageComponents .   (rule 4)

    $default	reduce using rule 4 (LanguageGrammar)



state 180

    AttributeTag  ->  HEXADECIMAL .   (rule 256)

    $default	reduce using rule 256 (AttributeTag)



state 181

    TagRef  ->  STRING .   (rule 294)

    $default	reduce using rule 294 (TagRef)



state 182

    TagRef  ->  AttributeTag .   (rule 293)

    $default	reduce using rule 293 (TagRef)



state 183

    DisplayTagList  ->  DisplayTagList TagRef .   (rule 100)

    $default	reduce using rule 100 (DisplayTagList)



state 184

    CommandIdentifier  ->  IDENTIFIER .   (rule 237)

    $default	reduce using rule 237 (CommandIdentifier)



state 185

    Command  ->  DimseCmd CommandIdentifier .   (rule 235)

    $default	reduce using rule 235 (Command)



state 186

    DatasetIdentifier  ->  IDENTIFIER .   (rule 249)

    $default	reduce using rule 249 (DatasetIdentifier)



state 187

    DatasetIdentifier  ->  STRING .   (rule 250)

    $default	reduce using rule 250 (DatasetIdentifier)



state 188

    Dataset  ->  IomIod DatasetIdentifier .   (rule 244)

    $default	reduce using rule 244 (Dataset)



state 189

    IomIod  ->  IomLevel IodName .   (rule 246)

    $default	reduce using rule 246 (IomIod)



state 190

    CompareCommand  ->  T_COMPARE ObjectRef1 TagRef1 . ObjectRef2 TagRef2   (rule 39)

    COMMANDFIELD	shift, and go to state 67
    IOMLEVEL	shift, and go to state 68
    STRING	shift, and go to state 69

    Command	go to state 224
    DimseCmd	go to state 71
    Dataset	go to state 225
    IomIod	go to state 73
    IomLevel	go to state 74
    IodName	go to state 75
    ObjectRef2	go to state 226



state 191

    TagRef1  ->  TagRef .   (rule 291)

    $default	reduce using rule 291 (TagRef1)



state 192

    CompareCommand  ->  T_COMPARE_NOT ObjectRef1 TagRef1 . ObjectRef2 TagRef2   (rule 40)

    COMMANDFIELD	shift, and go to state 67
    IOMLEVEL	shift, and go to state 68
    STRING	shift, and go to state 69

    Command	go to state 224
    DimseCmd	go to state 71
    Dataset	go to state 225
    IomIod	go to state 73
    IomLevel	go to state 74
    IodName	go to state 75
    ObjectRef2	go to state 227



state 193

    CopyCommand  ->  T_COPY ObjectRef1 TagRef1 . ObjectRef2 TagRef2   (rule 43)

    COMMANDFIELD	shift, and go to state 67
    IOMLEVEL	shift, and go to state 68
    STRING	shift, and go to state 69

    Command	go to state 224
    DimseCmd	go to state 71
    Dataset	go to state 225
    IomIod	go to state 73
    IomLevel	go to state 74
    IodName	go to state 75
    ObjectRef2	go to state 228



state 194

    SequenceRef  ->  T_OPEN_BRACKET Dataset . TagRef ItemNumber T_CLOSE_BRACKET   (rule 299)

    HEXADECIMAL	shift, and go to state 180
    STRING	shift, and go to state 181

    AttributeTag	go to state 182
    TagRef	go to state 229



state 195

    SequenceRef  ->  T_OPEN_BRACKET SequenceRef . TagRef ItemNumber T_CLOSE_BRACKET   (rule 300)

    HEXADECIMAL	shift, and go to state 180
    STRING	shift, and go to state 181

    AttributeTag	go to state 182
    TagRef	go to state 230



state 196

    Sop  ->  Command Dataset .   (rule 228)

    $default	reduce using rule 228 (Sop)



state 197

    CreateList  ->  Dataset T_DEFINED_LENGTH .   (rule 90)

    $default	reduce using rule 90 (CreateList)



state 198

    CreateList  ->  SequenceRef Dataset .   (rule 91)

    $default	reduce using rule 91 (CreateList)



state 199

    DisplayTagList  ->  T_DISPLAY ObjectRef1 TagRef .   (rule 99)

    $default	reduce using rule 99 (DisplayTagList)



state 200

    ReadList  ->  STRING HEXADECIMAL .   (rule 102)

    $default	reduce using rule 102 (ReadList)



state 201

    ReadList  ->  STRING Dataset .   (rule 101)

    $default	reduce using rule 101 (ReadList)



state 202

    SopList  ->  SopList T_OR . SopContents   (rule 125)

    COMMANDFIELD	shift, and go to state 67

    SopContents	go to state 231
    CommandContents	go to state 133
    Command	go to state 134
    DimseCmd	go to state 71
    CommandRef	go to state 135



state 203

    SopList  ->  SopList T_AND . SopContents   (rule 126)

    COMMANDFIELD	shift, and go to state 67

    SopContents	go to state 232
    CommandContents	go to state 133
    Command	go to state 134
    DimseCmd	go to state 71
    CommandRef	go to state 135



state 204

    AssociateRqContents  ->  AssociateRq T_OPEN_BRACKET . AssociateRqParameterList T_CLOSE_BRACKET   (rule 143)

    T_PROT_VER	shift, and go to state 233
    T_CALLED_AE	shift, and go to state 234
    T_CALLING_AE	shift, and go to state 235
    T_APPL_CTX	shift, and go to state 236
    T_PRES_CTX	shift, and go to state 237
    T_MAX_LEN	shift, and go to state 238
    T_IMPL_CLASS	shift, and go to state 239
    T_IMPL_VER	shift, and go to state 240
    T_SOP_EXTEND_NEG	shift, and go to state 241
    T_SCPSCU_ROLE	shift, and go to state 242
    T_ASYNC_WINDOW	shift, and go to state 243
    T_USER_ID_NEG	shift, and go to state 244

    AssociateRqParameterList	go to state 245
    AssociateRqParameter	go to state 246



state 205

    AssociateAcContents  ->  AssociateAc T_OPEN_BRACKET . AssociateAcParameterList T_CLOSE_BRACKET   (rule 181)

    T_PROT_VER	shift, and go to state 247
    T_CALLED_AE	shift, and go to state 248
    T_CALLING_AE	shift, and go to state 249
    T_APPL_CTX	shift, and go to state 250
    T_PRES_CTX	shift, and go to state 251
    T_MAX_LEN	shift, and go to state 252
    T_IMPL_CLASS	shift, and go to state 253
    T_IMPL_VER	shift, and go to state 254
    T_SOP_EXTEND_NEG	shift, and go to state 255
    T_SCPSCU_ROLE	shift, and go to state 256
    T_ASYNC_WINDOW	shift, and go to state 257

    AssociateAcParameterList	go to state 258
    AssociateAcParameter	go to state 259



state 206

    AssociateRjContents  ->  AssociateRj T_OPEN_BRACKET . AssociateRjParameterList T_CLOSE_BRACKET   (rule 207)

    T_RESULT	shift, and go to state 260
    T_SOURCE	shift, and go to state 261
    T_REASON	shift, and go to state 262

    AssociateRjParameterList	go to state 263
    AssociateRjParameter	go to state 264



state 207

    AbortRqContents  ->  AbortRq T_OPEN_BRACKET . AbortRqParameterList T_CLOSE_BRACKET   (rule 216)

    T_SOURCE	shift, and go to state 265
    T_REASON	shift, and go to state 266

    AbortRqParameterList	go to state 267
    AbortRqParameter	go to state 268



state 208

    SopContents  ->  Command DatasetContents .   (rule 230)

    $default	reduce using rule 230 (SopContents)



state 209

    CommandContents  ->  CommandRef T_OPEN_BRACKET . T_CLOSE_BRACKET   (rule 232)
    CommandContents  ->  CommandRef T_OPEN_BRACKET . AttributeList T_CLOSE_BRACKET   (rule 233)

    T_OPEN_BRACKET	shift, and go to state 269
    T_CLOSE_BRACKET	shift, and go to state 270

    AttributeList	go to state 271
    Attribute	go to state 272



state 210

    SendList  ->  SopContents T_PRES_CTX . PresentationContextId   (rule 107)

    T_OPEN_BRACKET	shift, and go to state 273

    PresentationContextId	go to state 274



state 211

    DatasetContents  ->  DatasetRef T_OPEN_BRACKET . T_CLOSE_BRACKET   (rule 240)
    DatasetContents  ->  DatasetRef T_OPEN_BRACKET . AttributeList T_CLOSE_BRACKET   (rule 241)

    T_OPEN_BRACKET	shift, and go to state 269
    T_CLOSE_BRACKET	shift, and go to state 275

    AttributeList	go to state 276
    Attribute	go to state 272



state 212

    FileheadContents  ->  Filehead T_OPEN_BRACKET . FileheadParameterList T_CLOSE_BRACKET   (rule 304)

    T_FILE_PREAMBLE	shift, and go to state 277
    T_DICOM_PREFIX	shift, and go to state 278
    T_TRANSFER_SYNTAX	shift, and go to state 279

    FileheadParameterList	go to state 280
    FileheadParameter	go to state 281
    FilePreamble	go to state 282
    DicomPrefix	go to state 283
    FileTransferSyntax	go to state 284



state 213

    FiletailContents  ->  Filetail T_OPEN_BRACKET . FiletailParameterList T_CLOSE_BRACKET   (rule 315)

    T_DATASET_TRAILING_PADDING	shift, and go to state 285
    T_SECTOR_SIZE	shift, and go to state 286
    T_PADDING_VALUE	shift, and go to state 287

    FiletailParameterList	go to state 288
    FiletailParameter	go to state 289
    DatasetTrailingPadding	go to state 290
    SectorSize	go to state 291
    PaddingValue	go to state 292



state 214

    ValidateList  ->  SourceSopRef ReferenceSopList .   (rule 115)
    ReferenceSopList  ->  ReferenceSopList . T_OR ReferenceSopRef   (rule 120)

    T_OR	shift, and go to state 293

    $default	reduce using rule 115 (ValidateList)



state 215

    ReferenceSopList  ->  ReferenceSopRef .   (rule 119)

    $default	reduce using rule 119 (ReferenceSopList)



state 216

    ReferenceSopRef  ->  DimseCmd . CommandIdentifier   (rule 121)
    ReferenceSopRef  ->  DimseCmd . CommandIdentifier IomIod DatasetIdentifier   (rule 122)

    IDENTIFIER	shift, and go to state 184

    CommandIdentifier	go to state 294



state 217

    SourceSopRef  ->  DimseCmd CommandIdentifier .   (rule 116)
    SourceSopRef  ->  DimseCmd CommandIdentifier . IomIod DatasetIdentifier   (rule 117)

    IOMLEVEL	shift, and go to state 68
    STRING	shift, and go to state 69

    $default	reduce using rule 116 (SourceSopRef)

    IomIod	go to state 295
    IomLevel	go to state 74
    IodName	go to state 75



state 218

    WriteList  ->  STRING T_FILEHEAD .   (rule 127)

    $default	reduce using rule 127 (WriteList)



state 219

    WriteList  ->  STRING T_FILETAIL .   (rule 128)

    $default	reduce using rule 128 (WriteList)



state 220

    WriteList  ->  STRING Dataset .   (rule 129)

    $default	reduce using rule 129 (WriteList)



state 221

    ImportList  ->  DimseCmd CommandIdentifier .   (rule 64)
    ImportList  ->  DimseCmd CommandIdentifier . IomIod DatasetIdentifier   (rule 65)

    IOMLEVEL	shift, and go to state 68
    STRING	shift, and go to state 69

    $default	reduce using rule 64 (ImportList)

    IomIod	go to state 296
    IomLevel	go to state 74
    IodName	go to state 75



state 222

    ExportDimseObjects  ->  DimseCmd CommandIdentifier .   (rule 60)
    ExportDimseObjects  ->  DimseCmd CommandIdentifier . IomIod DatasetIdentifier   (rule 61)
    ExportDimseObjects  ->  DimseCmd CommandIdentifier . IomIod DatasetIdentifier T_PRES_CTX PresentationContextId   (rule 62)

    IOMLEVEL	shift, and go to state 68
    STRING	shift, and go to state 69

    $default	reduce using rule 60 (ExportDimseObjects)

    IomIod	go to state 297
    IomLevel	go to state 74
    IodName	go to state 75



state 223

    ApplicationEntityFlagCommand  ->  T_APPL_ENTITY STRING STRING .   (rule 79)

    $default	reduce using rule 79 (ApplicationEntityFlagCommand)



state 224

    ObjectRef2  ->  Command .   (rule 297)

    $default	reduce using rule 297 (ObjectRef2)



state 225

    ObjectRef2  ->  Dataset .   (rule 298)

    $default	reduce using rule 298 (ObjectRef2)



state 226

    CompareCommand  ->  T_COMPARE ObjectRef1 TagRef1 ObjectRef2 . TagRef2   (rule 39)

    HEXADECIMAL	shift, and go to state 180
    STRING	shift, and go to state 181

    AttributeTag	go to state 182
    TagRef2	go to state 298
    TagRef	go to state 299



state 227

    CompareCommand  ->  T_COMPARE_NOT ObjectRef1 TagRef1 ObjectRef2 . TagRef2   (rule 40)

    HEXADECIMAL	shift, and go to state 180
    STRING	shift, and go to state 181

    AttributeTag	go to state 182
    TagRef2	go to state 300
    TagRef	go to state 299



state 228

    CopyCommand  ->  T_COPY ObjectRef1 TagRef1 ObjectRef2 . TagRef2   (rule 43)

    HEXADECIMAL	shift, and go to state 180
    STRING	shift, and go to state 181

    AttributeTag	go to state 182
    TagRef2	go to state 301
    TagRef	go to state 299



state 229

    SequenceRef  ->  T_OPEN_BRACKET Dataset TagRef . ItemNumber T_CLOSE_BRACKET   (rule 299)

    '[' 	shift, and go to state 302

    $default	reduce using rule 301 (ItemNumber)

    ItemNumber	go to state 303



state 230

    SequenceRef  ->  T_OPEN_BRACKET SequenceRef TagRef . ItemNumber T_CLOSE_BRACKET   (rule 300)

    '[' 	shift, and go to state 302

    $default	reduce using rule 301 (ItemNumber)

    ItemNumber	go to state 304



state 231

    SopList  ->  SopList T_OR SopContents .   (rule 125)

    $default	reduce using rule 125 (SopList)



state 232

    SopList  ->  SopList T_AND SopContents .   (rule 126)

    $default	reduce using rule 126 (SopList)



state 233

    AssociateRqParameter  ->  T_PROT_VER . INTEGER   (rule 146)

    INTEGER	shift, and go to state 305



state 234

    AssociateRqParameter  ->  T_CALLED_AE . STRING   (rule 147)

    STRING	shift, and go to state 306



state 235

    AssociateRqParameter  ->  T_CALLING_AE . STRING   (rule 148)

    STRING	shift, and go to state 307



state 236

    AssociateRqParameter  ->  T_APPL_CTX . STRING   (rule 149)

    STRING	shift, and go to state 308



state 237

    AssociateRqParameter  ->  T_PRES_CTX . AssociateRqPresCtxList   (rule 150)

    T_OPEN_BRACKET	shift, and go to state 309

    AssociateRqPresCtxList	go to state 310
    AssociateRqPresCtx	go to state 311
    RqPresCtx	go to state 312
    VtsRqPresCtx	go to state 313



state 238

    AssociateRqParameter  ->  T_MAX_LEN . INTEGER   (rule 151)

    INTEGER	shift, and go to state 314



state 239

    AssociateRqParameter  ->  T_IMPL_CLASS . STRING   (rule 152)

    STRING	shift, and go to state 315



state 240

    AssociateRqParameter  ->  T_IMPL_VER . STRING   (rule 153)

    STRING	shift, and go to state 316



state 241

    AssociateRqParameter  ->  T_SOP_EXTEND_NEG . SopClassExtendedList   (rule 154)

    T_OPEN_BRACKET	shift, and go to state 317

    SopClassExtendedList	go to state 318
    SopClassExtended	go to state 319



state 242

    AssociateRqParameter  ->  T_SCPSCU_ROLE . ScpScuRoleList   (rule 155)

    T_OPEN_BRACKET	shift, and go to state 320

    ScpScuRoleList	go to state 321
    ScpScuRole	go to state 322



state 243

    AssociateRqParameter  ->  T_ASYNC_WINDOW . INTEGER INTEGER   (rule 156)

    INTEGER	shift, and go to state 323



state 244

    AssociateRqParameter  ->  T_USER_ID_NEG . UserIdentityNegotiation   (rule 157)

    INTEGER	shift, and go to state 324
    STRING	shift, and go to state 325

    UserIdentityNegotiation	go to state 326



state 245

    AssociateRqContents  ->  AssociateRq T_OPEN_BRACKET AssociateRqParameterList . T_CLOSE_BRACKET   (rule 143)
    AssociateRqParameterList  ->  AssociateRqParameterList . AssociateRqParameter   (rule 145)

    T_PROT_VER	shift, and go to state 233
    T_CALLED_AE	shift, and go to state 234
    T_CALLING_AE	shift, and go to state 235
    T_APPL_CTX	shift, and go to state 236
    T_PRES_CTX	shift, and go to state 237
    T_MAX_LEN	shift, and go to state 238
    T_IMPL_CLASS	shift, and go to state 239
    T_IMPL_VER	shift, and go to state 240
    T_SOP_EXTEND_NEG	shift, and go to state 241
    T_SCPSCU_ROLE	shift, and go to state 242
    T_ASYNC_WINDOW	shift, and go to state 243
    T_USER_ID_NEG	shift, and go to state 244
    T_CLOSE_BRACKET	shift, and go to state 327

    AssociateRqParameter	go to state 328



state 246

    AssociateRqParameterList  ->  AssociateRqParameter .   (rule 144)

    $default	reduce using rule 144 (AssociateRqParameterList)



state 247

    AssociateAcParameter  ->  T_PROT_VER . INTEGER   (rule 184)

    INTEGER	shift, and go to state 329



state 248

    AssociateAcParameter  ->  T_CALLED_AE . STRING   (rule 185)

    STRING	shift, and go to state 330



state 249

    AssociateAcParameter  ->  T_CALLING_AE . STRING   (rule 186)

    STRING	shift, and go to state 331



state 250

    AssociateAcParameter  ->  T_APPL_CTX . STRING   (rule 187)

    STRING	shift, and go to state 332



state 251

    AssociateAcParameter  ->  T_PRES_CTX . AssociateAcPresCtxList   (rule 188)

    T_OPEN_BRACKET	shift, and go to state 333

    AssociateAcPresCtxList	go to state 334
    AssociateAcPresCtx	go to state 335
    AcPresCtx	go to state 336
    VtsAcPresCtx	go to state 337



state 252

    AssociateAcParameter  ->  T_MAX_LEN . INTEGER   (rule 189)

    INTEGER	shift, and go to state 338



state 253

    AssociateAcParameter  ->  T_IMPL_CLASS . STRING   (rule 190)

    STRING	shift, and go to state 339



state 254

    AssociateAcParameter  ->  T_IMPL_VER . STRING   (rule 191)

    STRING	shift, and go to state 340



state 255

    AssociateAcParameter  ->  T_SOP_EXTEND_NEG . SopClassExtendedList   (rule 192)

    T_OPEN_BRACKET	shift, and go to state 317

    SopClassExtendedList	go to state 341
    SopClassExtended	go to state 319



state 256

    AssociateAcParameter  ->  T_SCPSCU_ROLE . ScpScuRoleList   (rule 193)

    T_OPEN_BRACKET	shift, and go to state 320

    ScpScuRoleList	go to state 342
    ScpScuRole	go to state 322



state 257

    AssociateAcParameter  ->  T_ASYNC_WINDOW . INTEGER INTEGER   (rule 194)

    INTEGER	shift, and go to state 343



state 258

    AssociateAcContents  ->  AssociateAc T_OPEN_BRACKET AssociateAcParameterList . T_CLOSE_BRACKET   (rule 181)
    AssociateAcParameterList  ->  AssociateAcParameterList . AssociateAcParameter   (rule 183)

    T_PROT_VER	shift, and go to state 247
    T_CALLED_AE	shift, and go to state 248
    T_CALLING_AE	shift, and go to state 249
    T_APPL_CTX	shift, and go to state 250
    T_PRES_CTX	shift, and go to state 251
    T_MAX_LEN	shift, and go to state 252
    T_IMPL_CLASS	shift, and go to state 253
    T_IMPL_VER	shift, and go to state 254
    T_SOP_EXTEND_NEG	shift, and go to state 255
    T_SCPSCU_ROLE	shift, and go to state 256
    T_ASYNC_WINDOW	shift, and go to state 257
    T_CLOSE_BRACKET	shift, and go to state 344

    AssociateAcParameter	go to state 345



state 259

    AssociateAcParameterList  ->  AssociateAcParameter .   (rule 182)

    $default	reduce using rule 182 (AssociateAcParameterList)



state 260

    AssociateRjParameter  ->  T_RESULT . INTEGER   (rule 210)

    INTEGER	shift, and go to state 346



state 261

    AssociateRjParameter  ->  T_SOURCE . INTEGER   (rule 211)

    INTEGER	shift, and go to state 347



state 262

    AssociateRjParameter  ->  T_REASON . INTEGER   (rule 212)

    INTEGER	shift, and go to state 348



state 263

    AssociateRjContents  ->  AssociateRj T_OPEN_BRACKET AssociateRjParameterList . T_CLOSE_BRACKET   (rule 207)
    AssociateRjParameterList  ->  AssociateRjParameterList . AssociateRjParameter   (rule 209)

    T_RESULT	shift, and go to state 260
    T_SOURCE	shift, and go to state 261
    T_REASON	shift, and go to state 262
    T_CLOSE_BRACKET	shift, and go to state 349

    AssociateRjParameter	go to state 350



state 264

    AssociateRjParameterList  ->  AssociateRjParameter .   (rule 208)

    $default	reduce using rule 208 (AssociateRjParameterList)



state 265

    AbortRqParameter  ->  T_SOURCE . INTEGER   (rule 219)

    INTEGER	shift, and go to state 351



state 266

    AbortRqParameter  ->  T_REASON . INTEGER   (rule 220)

    INTEGER	shift, and go to state 352



state 267

    AbortRqContents  ->  AbortRq T_OPEN_BRACKET AbortRqParameterList . T_CLOSE_BRACKET   (rule 216)
    AbortRqParameterList  ->  AbortRqParameterList . AbortRqParameter   (rule 218)

    T_SOURCE	shift, and go to state 265
    T_REASON	shift, and go to state 266
    T_CLOSE_BRACKET	shift, and go to state 353

    AbortRqParameter	go to state 354



state 268

    AbortRqParameterList  ->  AbortRqParameter .   (rule 217)

    $default	reduce using rule 217 (AbortRqParameterList)



state 269

    Attribute  ->  T_OPEN_BRACKET . AttributeIdentification ',' AttributeValue T_CLOSE_BRACKET   (rule 253)
    Attribute  ->  T_OPEN_BRACKET . TagRef T_CLOSE_BRACKET   (rule 254)

    HEXADECIMAL	shift, and go to state 180
    STRING	shift, and go to state 181

    AttributeIdentification	go to state 355
    AttributeTag	go to state 356
    TagRef	go to state 357



state 270

    CommandContents  ->  CommandRef T_OPEN_BRACKET T_CLOSE_BRACKET .   (rule 232)

    $default	reduce using rule 232 (CommandContents)



state 271

    CommandContents  ->  CommandRef T_OPEN_BRACKET AttributeList . T_CLOSE_BRACKET   (rule 233)
    AttributeList  ->  AttributeList . Attribute   (rule 252)

    T_OPEN_BRACKET	shift, and go to state 269
    T_CLOSE_BRACKET	shift, and go to state 358

    Attribute	go to state 359



state 272

    AttributeList  ->  Attribute .   (rule 251)

    $default	reduce using rule 251 (AttributeList)



state 273

    PresentationContextId  ->  T_OPEN_BRACKET . HEXADECIMAL T_CLOSE_BRACKET   (rule 108)
    PresentationContextId  ->  T_OPEN_BRACKET . INTEGER T_CLOSE_BRACKET   (rule 109)

    HEXADECIMAL	shift, and go to state 360
    INTEGER	shift, and go to state 361



state 274

    SendList  ->  SopContents T_PRES_CTX PresentationContextId .   (rule 107)

    $default	reduce using rule 107 (SendList)



state 275

    DatasetContents  ->  DatasetRef T_OPEN_BRACKET T_CLOSE_BRACKET .   (rule 240)

    $default	reduce using rule 240 (DatasetContents)



state 276

    DatasetContents  ->  DatasetRef T_OPEN_BRACKET AttributeList . T_CLOSE_BRACKET   (rule 241)
    AttributeList  ->  AttributeList . Attribute   (rule 252)

    T_OPEN_BRACKET	shift, and go to state 269
    T_CLOSE_BRACKET	shift, and go to state 362

    Attribute	go to state 359



state 277

    FilePreamble  ->  T_FILE_PREAMBLE . STRING   (rule 311)

    STRING	shift, and go to state 363



state 278

    DicomPrefix  ->  T_DICOM_PREFIX . STRING   (rule 312)

    STRING	shift, and go to state 364



state 279

    FileTransferSyntax  ->  T_TRANSFER_SYNTAX . TransferSyntax   (rule 313)

    STRING	shift, and go to state 365

    TransferSyntax	go to state 366



state 280

    FileheadContents  ->  Filehead T_OPEN_BRACKET FileheadParameterList . T_CLOSE_BRACKET   (rule 304)
    FileheadParameterList  ->  FileheadParameterList . FileheadParameter   (rule 307)

    T_FILE_PREAMBLE	shift, and go to state 277
    T_DICOM_PREFIX	shift, and go to state 278
    T_TRANSFER_SYNTAX	shift, and go to state 279
    T_CLOSE_BRACKET	shift, and go to state 367

    FileheadParameter	go to state 368
    FilePreamble	go to state 282
    DicomPrefix	go to state 283
    FileTransferSyntax	go to state 284



state 281

    FileheadParameterList  ->  FileheadParameter .   (rule 306)

    $default	reduce using rule 306 (FileheadParameterList)



state 282

    FileheadParameter  ->  FilePreamble .   (rule 308)

    $default	reduce using rule 308 (FileheadParameter)



state 283

    FileheadParameter  ->  DicomPrefix .   (rule 309)

    $default	reduce using rule 309 (FileheadParameter)



state 284

    FileheadParameter  ->  FileTransferSyntax .   (rule 310)

    $default	reduce using rule 310 (FileheadParameter)



state 285

    DatasetTrailingPadding  ->  T_DATASET_TRAILING_PADDING . T_YES   (rule 322)
    DatasetTrailingPadding  ->  T_DATASET_TRAILING_PADDING . T_NO   (rule 323)

    T_YES	shift, and go to state 369
    T_NO	shift, and go to state 370



state 286

    SectorSize  ->  T_SECTOR_SIZE . INTEGER   (rule 324)

    INTEGER	shift, and go to state 371



state 287

    PaddingValue  ->  T_PADDING_VALUE . INTEGER   (rule 325)

    INTEGER	shift, and go to state 372



state 288

    FiletailContents  ->  Filetail T_OPEN_BRACKET FiletailParameterList . T_CLOSE_BRACKET   (rule 315)
    FiletailParameterList  ->  FiletailParameterList . FiletailParameter   (rule 318)

    T_DATASET_TRAILING_PADDING	shift, and go to state 285
    T_SECTOR_SIZE	shift, and go to state 286
    T_PADDING_VALUE	shift, and go to state 287
    T_CLOSE_BRACKET	shift, and go to state 373

    FiletailParameter	go to state 374
    DatasetTrailingPadding	go to state 290
    SectorSize	go to state 291
    PaddingValue	go to state 292



state 289

    FiletailParameterList  ->  FiletailParameter .   (rule 317)

    $default	reduce using rule 317 (FiletailParameterList)



state 290

    FiletailParameter  ->  DatasetTrailingPadding .   (rule 319)

    $default	reduce using rule 319 (FiletailParameter)



state 291

    FiletailParameter  ->  SectorSize .   (rule 320)

    $default	reduce using rule 320 (FiletailParameter)



state 292

    FiletailParameter  ->  PaddingValue .   (rule 321)

    $default	reduce using rule 321 (FiletailParameter)



state 293

    ReferenceSopList  ->  ReferenceSopList T_OR . ReferenceSopRef   (rule 120)

    COMMANDFIELD	shift, and go to state 67

    ReferenceSopRef	go to state 375
    DimseCmd	go to state 216



state 294

    ReferenceSopRef  ->  DimseCmd CommandIdentifier .   (rule 121)
    ReferenceSopRef  ->  DimseCmd CommandIdentifier . IomIod DatasetIdentifier   (rule 122)

    IOMLEVEL	shift, and go to state 68
    STRING	shift, and go to state 69

    $default	reduce using rule 121 (ReferenceSopRef)

    IomIod	go to state 376
    IomLevel	go to state 74
    IodName	go to state 75



state 295

    SourceSopRef  ->  DimseCmd CommandIdentifier IomIod . DatasetIdentifier   (rule 117)

    IDENTIFIER	shift, and go to state 186
    STRING	shift, and go to state 187

    DatasetIdentifier	go to state 377



state 296

    ImportList  ->  DimseCmd CommandIdentifier IomIod . DatasetIdentifier   (rule 65)

    IDENTIFIER	shift, and go to state 186
    STRING	shift, and go to state 187

    DatasetIdentifier	go to state 378



state 297

    ExportDimseObjects  ->  DimseCmd CommandIdentifier IomIod . DatasetIdentifier   (rule 61)
    ExportDimseObjects  ->  DimseCmd CommandIdentifier IomIod . DatasetIdentifier T_PRES_CTX PresentationContextId   (rule 62)

    IDENTIFIER	shift, and go to state 186
    STRING	shift, and go to state 187

    DatasetIdentifier	go to state 379



state 298

    CompareCommand  ->  T_COMPARE ObjectRef1 TagRef1 ObjectRef2 TagRef2 .   (rule 39)

    $default	reduce using rule 39 (CompareCommand)



state 299

    TagRef2  ->  TagRef .   (rule 292)

    $default	reduce using rule 292 (TagRef2)



state 300

    CompareCommand  ->  T_COMPARE_NOT ObjectRef1 TagRef1 ObjectRef2 TagRef2 .   (rule 40)

    $default	reduce using rule 40 (CompareCommand)



state 301

    CopyCommand  ->  T_COPY ObjectRef1 TagRef1 ObjectRef2 TagRef2 .   (rule 43)

    $default	reduce using rule 43 (CopyCommand)



state 302

    ItemNumber  ->  '[' . INTEGER ']'   (rule 302)

    INTEGER	shift, and go to state 380



state 303

    SequenceRef  ->  T_OPEN_BRACKET Dataset TagRef ItemNumber . T_CLOSE_BRACKET   (rule 299)

    T_CLOSE_BRACKET	shift, and go to state 381



state 304

    SequenceRef  ->  T_OPEN_BRACKET SequenceRef TagRef ItemNumber . T_CLOSE_BRACKET   (rule 300)

    T_CLOSE_BRACKET	shift, and go to state 382



state 305

    AssociateRqParameter  ->  T_PROT_VER INTEGER .   (rule 146)

    $default	reduce using rule 146 (AssociateRqParameter)



state 306

    AssociateRqParameter  ->  T_CALLED_AE STRING .   (rule 147)

    $default	reduce using rule 147 (AssociateRqParameter)



state 307

    AssociateRqParameter  ->  T_CALLING_AE STRING .   (rule 148)

    $default	reduce using rule 148 (AssociateRqParameter)



state 308

    AssociateRqParameter  ->  T_APPL_CTX STRING .   (rule 149)

    $default	reduce using rule 149 (AssociateRqParameter)



state 309

    RqPresCtx  ->  T_OPEN_BRACKET . STRING ',' RqTransferSyntaxList T_CLOSE_BRACKET   (rule 163)
    VtsRqPresCtx  ->  T_OPEN_BRACKET . INTEGER ',' STRING ',' INTEGER ',' INTEGER ',' RqTransferSyntaxList T_CLOSE_BRACKET   (rule 164)

    INTEGER	shift, and go to state 383
    STRING	shift, and go to state 384



state 310

    AssociateRqParameter  ->  T_PRES_CTX AssociateRqPresCtxList .   (rule 150)
    AssociateRqPresCtxList  ->  AssociateRqPresCtxList . AssociateRqPresCtx   (rule 159)
    AssociateRqPresCtxList  ->  AssociateRqPresCtxList . ',' AssociateRqPresCtx   (rule 160)

    T_OPEN_BRACKET	shift, and go to state 309
    ',' 	shift, and go to state 385

    $default	reduce using rule 150 (AssociateRqParameter)

    AssociateRqPresCtx	go to state 386
    RqPresCtx	go to state 312
    VtsRqPresCtx	go to state 313



state 311

    AssociateRqPresCtxList  ->  AssociateRqPresCtx .   (rule 158)

    $default	reduce using rule 158 (AssociateRqPresCtxList)



state 312

    AssociateRqPresCtx  ->  RqPresCtx .   (rule 161)

    $default	reduce using rule 161 (AssociateRqPresCtx)



state 313

    AssociateRqPresCtx  ->  VtsRqPresCtx .   (rule 162)

    $default	reduce using rule 162 (AssociateRqPresCtx)



state 314

    AssociateRqParameter  ->  T_MAX_LEN INTEGER .   (rule 151)

    $default	reduce using rule 151 (AssociateRqParameter)



state 315

    AssociateRqParameter  ->  T_IMPL_CLASS STRING .   (rule 152)

    $default	reduce using rule 152 (AssociateRqParameter)



state 316

    AssociateRqParameter  ->  T_IMPL_VER STRING .   (rule 153)

    $default	reduce using rule 153 (AssociateRqParameter)



state 317

    SopClassExtended  ->  T_OPEN_BRACKET . STRING ',' ApplicationInfoList T_CLOSE_BRACKET   (rule 170)

    STRING	shift, and go to state 387



state 318

    AssociateRqParameter  ->  T_SOP_EXTEND_NEG SopClassExtendedList .   (rule 154)
    SopClassExtendedList  ->  SopClassExtendedList . SopClassExtended   (rule 169)

    T_OPEN_BRACKET	shift, and go to state 317

    $default	reduce using rule 154 (AssociateRqParameter)

    SopClassExtended	go to state 388



state 319

    SopClassExtendedList  ->  SopClassExtended .   (rule 168)

    $default	reduce using rule 168 (SopClassExtendedList)



state 320

    ScpScuRole  ->  T_OPEN_BRACKET . STRING ',' INTEGER ',' INTEGER T_CLOSE_BRACKET   (rule 176)

    STRING	shift, and go to state 389



state 321

    AssociateRqParameter  ->  T_SCPSCU_ROLE ScpScuRoleList .   (rule 155)
    ScpScuRoleList  ->  ScpScuRoleList . ScpScuRole   (rule 175)

    T_OPEN_BRACKET	shift, and go to state 320

    $default	reduce using rule 155 (AssociateRqParameter)

    ScpScuRole	go to state 390



state 322

    ScpScuRoleList  ->  ScpScuRole .   (rule 174)

    $default	reduce using rule 174 (ScpScuRoleList)



state 323

    AssociateRqParameter  ->  T_ASYNC_WINDOW INTEGER . INTEGER   (rule 156)

    INTEGER	shift, and go to state 391



state 324

    UserIdentityNegotiation  ->  INTEGER . INTEGER STRING   (rule 177)
    UserIdentityNegotiation  ->  INTEGER . INTEGER STRING STRING   (rule 178)

    INTEGER	shift, and go to state 392



state 325

    UserIdentityNegotiation  ->  STRING .   (rule 179)

    $default	reduce using rule 179 (UserIdentityNegotiation)



state 326

    AssociateRqParameter  ->  T_USER_ID_NEG UserIdentityNegotiation .   (rule 157)

    $default	reduce using rule 157 (AssociateRqParameter)



state 327

    AssociateRqContents  ->  AssociateRq T_OPEN_BRACKET AssociateRqParameterList T_CLOSE_BRACKET .   (rule 143)

    $default	reduce using rule 143 (AssociateRqContents)



state 328

    AssociateRqParameterList  ->  AssociateRqParameterList AssociateRqParameter .   (rule 145)

    $default	reduce using rule 145 (AssociateRqParameterList)



state 329

    AssociateAcParameter  ->  T_PROT_VER INTEGER .   (rule 184)

    $default	reduce using rule 184 (AssociateAcParameter)



state 330

    AssociateAcParameter  ->  T_CALLED_AE STRING .   (rule 185)

    $default	reduce using rule 185 (AssociateAcParameter)



state 331

    AssociateAcParameter  ->  T_CALLING_AE STRING .   (rule 186)

    $default	reduce using rule 186 (AssociateAcParameter)



state 332

    AssociateAcParameter  ->  T_APPL_CTX STRING .   (rule 187)

    $default	reduce using rule 187 (AssociateAcParameter)



state 333

    AcPresCtx  ->  T_OPEN_BRACKET . STRING ',' INTEGER AcTransferSyntax T_CLOSE_BRACKET   (rule 200)
    VtsAcPresCtx  ->  T_OPEN_BRACKET . INTEGER ',' INTEGER ',' STRING MoreAcPresentationContext T_CLOSE_BRACKET   (rule 203)

    INTEGER	shift, and go to state 393
    STRING	shift, and go to state 394



state 334

    AssociateAcParameter  ->  T_PRES_CTX AssociateAcPresCtxList .   (rule 188)
    AssociateAcPresCtxList  ->  AssociateAcPresCtxList . AssociateAcPresCtx   (rule 196)
    AssociateAcPresCtxList  ->  AssociateAcPresCtxList . ',' AssociateAcPresCtx   (rule 197)

    T_OPEN_BRACKET	shift, and go to state 333
    ',' 	shift, and go to state 395

    $default	reduce using rule 188 (AssociateAcParameter)

    AssociateAcPresCtx	go to state 396
    AcPresCtx	go to state 336
    VtsAcPresCtx	go to state 337



state 335

    AssociateAcPresCtxList  ->  AssociateAcPresCtx .   (rule 195)

    $default	reduce using rule 195 (AssociateAcPresCtxList)



state 336

    AssociateAcPresCtx  ->  AcPresCtx .   (rule 198)

    $default	reduce using rule 198 (AssociateAcPresCtx)



state 337

    AssociateAcPresCtx  ->  VtsAcPresCtx .   (rule 199)

    $default	reduce using rule 199 (AssociateAcPresCtx)



state 338

    AssociateAcParameter  ->  T_MAX_LEN INTEGER .   (rule 189)

    $default	reduce using rule 189 (AssociateAcParameter)



state 339

    AssociateAcParameter  ->  T_IMPL_CLASS STRING .   (rule 190)

    $default	reduce using rule 190 (AssociateAcParameter)



state 340

    AssociateAcParameter  ->  T_IMPL_VER STRING .   (rule 191)

    $default	reduce using rule 191 (AssociateAcParameter)



state 341

    SopClassExtendedList  ->  SopClassExtendedList . SopClassExtended   (rule 169)
    AssociateAcParameter  ->  T_SOP_EXTEND_NEG SopClassExtendedList .   (rule 192)

    T_OPEN_BRACKET	shift, and go to state 317

    $default	reduce using rule 192 (AssociateAcParameter)

    SopClassExtended	go to state 388



state 342

    ScpScuRoleList  ->  ScpScuRoleList . ScpScuRole   (rule 175)
    AssociateAcParameter  ->  T_SCPSCU_ROLE ScpScuRoleList .   (rule 193)

    T_OPEN_BRACKET	shift, and go to state 320

    $default	reduce using rule 193 (AssociateAcParameter)

    ScpScuRole	go to state 390



state 343

    AssociateAcParameter  ->  T_ASYNC_WINDOW INTEGER . INTEGER   (rule 194)

    INTEGER	shift, and go to state 397



state 344

    AssociateAcContents  ->  AssociateAc T_OPEN_BRACKET AssociateAcParameterList T_CLOSE_BRACKET .   (rule 181)

    $default	reduce using rule 181 (AssociateAcContents)



state 345

    AssociateAcParameterList  ->  AssociateAcParameterList AssociateAcParameter .   (rule 183)

    $default	reduce using rule 183 (AssociateAcParameterList)



state 346

    AssociateRjParameter  ->  T_RESULT INTEGER .   (rule 210)

    $default	reduce using rule 210 (AssociateRjParameter)



state 347

    AssociateRjParameter  ->  T_SOURCE INTEGER .   (rule 211)

    $default	reduce using rule 211 (AssociateRjParameter)



state 348

    AssociateRjParameter  ->  T_REASON INTEGER .   (rule 212)

    $default	reduce using rule 212 (AssociateRjParameter)



state 349

    AssociateRjContents  ->  AssociateRj T_OPEN_BRACKET AssociateRjParameterList T_CLOSE_BRACKET .   (rule 207)

    $default	reduce using rule 207 (AssociateRjContents)



state 350

    AssociateRjParameterList  ->  AssociateRjParameterList AssociateRjParameter .   (rule 209)

    $default	reduce using rule 209 (AssociateRjParameterList)



state 351

    AbortRqParameter  ->  T_SOURCE INTEGER .   (rule 219)

    $default	reduce using rule 219 (AbortRqParameter)



state 352

    AbortRqParameter  ->  T_REASON INTEGER .   (rule 220)

    $default	reduce using rule 220 (AbortRqParameter)



state 353

    AbortRqContents  ->  AbortRq T_OPEN_BRACKET AbortRqParameterList T_CLOSE_BRACKET .   (rule 216)

    $default	reduce using rule 216 (AbortRqContents)



state 354

    AbortRqParameterList  ->  AbortRqParameterList AbortRqParameter .   (rule 218)

    $default	reduce using rule 218 (AbortRqParameterList)



state 355

    Attribute  ->  T_OPEN_BRACKET AttributeIdentification . ',' AttributeValue T_CLOSE_BRACKET   (rule 253)

    ',' 	shift, and go to state 398



state 356

    AttributeIdentification  ->  AttributeTag .   (rule 255)
    TagRef  ->  AttributeTag .   (rule 293)

    T_CLOSE_BRACKET	reduce using rule 293 (TagRef)
    $default	reduce using rule 255 (AttributeIdentification)



state 357

    Attribute  ->  T_OPEN_BRACKET TagRef . T_CLOSE_BRACKET   (rule 254)

    T_CLOSE_BRACKET	shift, and go to state 399



state 358

    CommandContents  ->  CommandRef T_OPEN_BRACKET AttributeList T_CLOSE_BRACKET .   (rule 233)

    $default	reduce using rule 233 (CommandContents)



state 359

    AttributeList  ->  AttributeList Attribute .   (rule 252)

    $default	reduce using rule 252 (AttributeList)



state 360

    PresentationContextId  ->  T_OPEN_BRACKET HEXADECIMAL . T_CLOSE_BRACKET   (rule 108)

    T_CLOSE_BRACKET	shift, and go to state 400



state 361

    PresentationContextId  ->  T_OPEN_BRACKET INTEGER . T_CLOSE_BRACKET   (rule 109)

    T_CLOSE_BRACKET	shift, and go to state 401



state 362

    DatasetContents  ->  DatasetRef T_OPEN_BRACKET AttributeList T_CLOSE_BRACKET .   (rule 241)

    $default	reduce using rule 241 (DatasetContents)



state 363

    FilePreamble  ->  T_FILE_PREAMBLE STRING .   (rule 311)

    $default	reduce using rule 311 (FilePreamble)



state 364

    DicomPrefix  ->  T_DICOM_PREFIX STRING .   (rule 312)

    $default	reduce using rule 312 (DicomPrefix)



state 365

    TransferSyntax  ->  STRING .   (rule 167)

    $default	reduce using rule 167 (TransferSyntax)



state 366

    FileTransferSyntax  ->  T_TRANSFER_SYNTAX TransferSyntax .   (rule 313)

    $default	reduce using rule 313 (FileTransferSyntax)



state 367

    FileheadContents  ->  Filehead T_OPEN_BRACKET FileheadParameterList T_CLOSE_BRACKET .   (rule 304)

    $default	reduce using rule 304 (FileheadContents)



state 368

    FileheadParameterList  ->  FileheadParameterList FileheadParameter .   (rule 307)

    $default	reduce using rule 307 (FileheadParameterList)



state 369

    DatasetTrailingPadding  ->  T_DATASET_TRAILING_PADDING T_YES .   (rule 322)

    $default	reduce using rule 322 (DatasetTrailingPadding)



state 370

    DatasetTrailingPadding  ->  T_DATASET_TRAILING_PADDING T_NO .   (rule 323)

    $default	reduce using rule 323 (DatasetTrailingPadding)



state 371

    SectorSize  ->  T_SECTOR_SIZE INTEGER .   (rule 324)

    $default	reduce using rule 324 (SectorSize)



state 372

    PaddingValue  ->  T_PADDING_VALUE INTEGER .   (rule 325)

    $default	reduce using rule 325 (PaddingValue)



state 373

    FiletailContents  ->  Filetail T_OPEN_BRACKET FiletailParameterList T_CLOSE_BRACKET .   (rule 315)

    $default	reduce using rule 315 (FiletailContents)



state 374

    FiletailParameterList  ->  FiletailParameterList FiletailParameter .   (rule 318)

    $default	reduce using rule 318 (FiletailParameterList)



state 375

    ReferenceSopList  ->  ReferenceSopList T_OR ReferenceSopRef .   (rule 120)

    $default	reduce using rule 120 (ReferenceSopList)



state 376

    ReferenceSopRef  ->  DimseCmd CommandIdentifier IomIod . DatasetIdentifier   (rule 122)

    IDENTIFIER	shift, and go to state 186
    STRING	shift, and go to state 187

    DatasetIdentifier	go to state 402



state 377

    SourceSopRef  ->  DimseCmd CommandIdentifier IomIod DatasetIdentifier .   (rule 117)

    $default	reduce using rule 117 (SourceSopRef)



state 378

    ImportList  ->  DimseCmd CommandIdentifier IomIod DatasetIdentifier .   (rule 65)

    $default	reduce using rule 65 (ImportList)



state 379

    ExportDimseObjects  ->  DimseCmd CommandIdentifier IomIod DatasetIdentifier .   (rule 61)
    ExportDimseObjects  ->  DimseCmd CommandIdentifier IomIod DatasetIdentifier . T_PRES_CTX PresentationContextId   (rule 62)

    T_PRES_CTX	shift, and go to state 403

    $default	reduce using rule 61 (ExportDimseObjects)



state 380

    ItemNumber  ->  '[' INTEGER . ']'   (rule 302)

    ']' 	shift, and go to state 404



state 381

    SequenceRef  ->  T_OPEN_BRACKET Dataset TagRef ItemNumber T_CLOSE_BRACKET .   (rule 299)

    $default	reduce using rule 299 (SequenceRef)



state 382

    SequenceRef  ->  T_OPEN_BRACKET SequenceRef TagRef ItemNumber T_CLOSE_BRACKET .   (rule 300)

    $default	reduce using rule 300 (SequenceRef)



state 383

    VtsRqPresCtx  ->  T_OPEN_BRACKET INTEGER . ',' STRING ',' INTEGER ',' INTEGER ',' RqTransferSyntaxList T_CLOSE_BRACKET   (rule 164)

    ',' 	shift, and go to state 405



state 384

    RqPresCtx  ->  T_OPEN_BRACKET STRING . ',' RqTransferSyntaxList T_CLOSE_BRACKET   (rule 163)

    ',' 	shift, and go to state 406



state 385

    AssociateRqPresCtxList  ->  AssociateRqPresCtxList ',' . AssociateRqPresCtx   (rule 160)

    T_OPEN_BRACKET	shift, and go to state 309

    AssociateRqPresCtx	go to state 407
    RqPresCtx	go to state 312
    VtsRqPresCtx	go to state 313



state 386

    AssociateRqPresCtxList  ->  AssociateRqPresCtxList AssociateRqPresCtx .   (rule 159)

    $default	reduce using rule 159 (AssociateRqPresCtxList)



state 387

    SopClassExtended  ->  T_OPEN_BRACKET STRING . ',' ApplicationInfoList T_CLOSE_BRACKET   (rule 170)

    ',' 	shift, and go to state 408



state 388

    SopClassExtendedList  ->  SopClassExtendedList SopClassExtended .   (rule 169)

    $default	reduce using rule 169 (SopClassExtendedList)



state 389

    ScpScuRole  ->  T_OPEN_BRACKET STRING . ',' INTEGER ',' INTEGER T_CLOSE_BRACKET   (rule 176)

    ',' 	shift, and go to state 409



state 390

    ScpScuRoleList  ->  ScpScuRoleList ScpScuRole .   (rule 175)

    $default	reduce using rule 175 (ScpScuRoleList)



state 391

    AssociateRqParameter  ->  T_ASYNC_WINDOW INTEGER INTEGER .   (rule 156)

    $default	reduce using rule 156 (AssociateRqParameter)



state 392

    UserIdentityNegotiation  ->  INTEGER INTEGER . STRING   (rule 177)
    UserIdentityNegotiation  ->  INTEGER INTEGER . STRING STRING   (rule 178)

    STRING	shift, and go to state 410



state 393

    VtsAcPresCtx  ->  T_OPEN_BRACKET INTEGER . ',' INTEGER ',' STRING MoreAcPresentationContext T_CLOSE_BRACKET   (rule 203)

    ',' 	shift, and go to state 411



state 394

    AcPresCtx  ->  T_OPEN_BRACKET STRING . ',' INTEGER AcTransferSyntax T_CLOSE_BRACKET   (rule 200)

    ',' 	shift, and go to state 412



state 395

    AssociateAcPresCtxList  ->  AssociateAcPresCtxList ',' . AssociateAcPresCtx   (rule 197)

    T_OPEN_BRACKET	shift, and go to state 333

    AssociateAcPresCtx	go to state 413
    AcPresCtx	go to state 336
    VtsAcPresCtx	go to state 337



state 396

    AssociateAcPresCtxList  ->  AssociateAcPresCtxList AssociateAcPresCtx .   (rule 196)

    $default	reduce using rule 196 (AssociateAcPresCtxList)



state 397

    AssociateAcParameter  ->  T_ASYNC_WINDOW INTEGER INTEGER .   (rule 194)

    $default	reduce using rule 194 (AssociateAcParameter)



state 398

    Attribute  ->  T_OPEN_BRACKET AttributeIdentification ',' . AttributeValue T_CLOSE_BRACKET   (rule 253)

    T_SQ	shift, and go to state 414
    T_OPEN_BRACKET	shift, and go to state 415
    VR  	shift, and go to state 416
    '[' 	shift, and go to state 417

    $default	reduce using rule 275 (OptionalVR)

    AttributeValue	go to state 418
    SequenceValue	go to state 419
    SequenceVR	go to state 420
    OtherValue	go to state 421
    OptionalVR	go to state 422
    AttributeVR	go to state 423



state 399

    Attribute  ->  T_OPEN_BRACKET TagRef T_CLOSE_BRACKET .   (rule 254)

    $default	reduce using rule 254 (Attribute)



state 400

    PresentationContextId  ->  T_OPEN_BRACKET HEXADECIMAL T_CLOSE_BRACKET .   (rule 108)

    $default	reduce using rule 108 (PresentationContextId)



state 401

    PresentationContextId  ->  T_OPEN_BRACKET INTEGER T_CLOSE_BRACKET .   (rule 109)

    $default	reduce using rule 109 (PresentationContextId)



state 402

    ReferenceSopRef  ->  DimseCmd CommandIdentifier IomIod DatasetIdentifier .   (rule 122)

    $default	reduce using rule 122 (ReferenceSopRef)



state 403

    ExportDimseObjects  ->  DimseCmd CommandIdentifier IomIod DatasetIdentifier T_PRES_CTX . PresentationContextId   (rule 62)

    T_OPEN_BRACKET	shift, and go to state 273

    PresentationContextId	go to state 424



state 404

    ItemNumber  ->  '[' INTEGER ']' .   (rule 302)

    $default	reduce using rule 302 (ItemNumber)



state 405

    VtsRqPresCtx  ->  T_OPEN_BRACKET INTEGER ',' . STRING ',' INTEGER ',' INTEGER ',' RqTransferSyntaxList T_CLOSE_BRACKET   (rule 164)

    STRING	shift, and go to state 425



state 406

    RqPresCtx  ->  T_OPEN_BRACKET STRING ',' . RqTransferSyntaxList T_CLOSE_BRACKET   (rule 163)

    STRING	shift, and go to state 365

    RqTransferSyntaxList	go to state 426
    TransferSyntax	go to state 427



state 407

    AssociateRqPresCtxList  ->  AssociateRqPresCtxList ',' AssociateRqPresCtx .   (rule 160)

    $default	reduce using rule 160 (AssociateRqPresCtxList)



state 408

    SopClassExtended  ->  T_OPEN_BRACKET STRING ',' . ApplicationInfoList T_CLOSE_BRACKET   (rule 170)

    INTEGER	shift, and go to state 428

    ApplicationInfoList	go to state 429
    ApplicationInfoByte	go to state 430



state 409

    ScpScuRole  ->  T_OPEN_BRACKET STRING ',' . INTEGER ',' INTEGER T_CLOSE_BRACKET   (rule 176)

    INTEGER	shift, and go to state 431



state 410

    UserIdentityNegotiation  ->  INTEGER INTEGER STRING .   (rule 177)
    UserIdentityNegotiation  ->  INTEGER INTEGER STRING . STRING   (rule 178)

    STRING	shift, and go to state 432

    $default	reduce using rule 177 (UserIdentityNegotiation)



state 411

    VtsAcPresCtx  ->  T_OPEN_BRACKET INTEGER ',' . INTEGER ',' STRING MoreAcPresentationContext T_CLOSE_BRACKET   (rule 203)

    INTEGER	shift, and go to state 433



state 412

    AcPresCtx  ->  T_OPEN_BRACKET STRING ',' . INTEGER AcTransferSyntax T_CLOSE_BRACKET   (rule 200)

    INTEGER	shift, and go to state 434



state 413

    AssociateAcPresCtxList  ->  AssociateAcPresCtxList ',' AssociateAcPresCtx .   (rule 197)

    $default	reduce using rule 197 (AssociateAcPresCtxList)



state 414

    SequenceVR  ->  T_SQ .   (rule 260)

    $default	reduce using rule 260 (SequenceVR)



state 415

    AttributeVR  ->  T_OPEN_BRACKET . VR T_CLOSE_BRACKET   (rule 279)
    AttributeVR  ->  T_OPEN_BRACKET . '[' VR ']' T_CLOSE_BRACKET   (rule 280)
    AttributeVR  ->  T_OPEN_BRACKET . VR '?' T_CLOSE_BRACKET   (rule 281)
    AttributeVR  ->  T_OPEN_BRACKET . '[' VR ']' '?' T_CLOSE_BRACKET   (rule 282)

    VR  	shift, and go to state 435
    '[' 	shift, and go to state 436



state 416

    AttributeVR  ->  VR .   (rule 277)

    $default	reduce using rule 277 (AttributeVR)



state 417

    SequenceVR  ->  '[' . T_SQ ']'   (rule 261)
    AttributeVR  ->  '[' . VR ']'   (rule 278)

    T_SQ	shift, and go to state 437
    VR  	shift, and go to state 438



state 418

    Attribute  ->  T_OPEN_BRACKET AttributeIdentification ',' AttributeValue . T_CLOSE_BRACKET   (rule 253)

    T_CLOSE_BRACKET	shift, and go to state 439



state 419

    AttributeValue  ->  SequenceValue .   (rule 257)

    $default	reduce using rule 257 (AttributeValue)



state 420

    SequenceValue  ->  SequenceVR . ',' ItemList   (rule 259)

    ',' 	shift, and go to state 440



state 421

    AttributeValue  ->  OtherValue .   (rule 258)

    $default	reduce using rule 258 (AttributeValue)



state 422

    OtherValue  ->  OptionalVR . Values   (rule 274)

    T_AUTOSET	shift, and go to state 441
    HEXADECIMAL	shift, and go to state 442
    INTEGER	shift, and go to state 443
    STRING	shift, and go to state 444

    $default	reduce using rule 283 (Values)

    Values	go to state 445
    VMList	go to state 446
    Value	go to state 447



state 423

    OptionalVR  ->  AttributeVR . ','   (rule 276)

    ',' 	shift, and go to state 448



state 424

    ExportDimseObjects  ->  DimseCmd CommandIdentifier IomIod DatasetIdentifier T_PRES_CTX PresentationContextId .   (rule 62)

    $default	reduce using rule 62 (ExportDimseObjects)



state 425

    VtsRqPresCtx  ->  T_OPEN_BRACKET INTEGER ',' STRING . ',' INTEGER ',' INTEGER ',' RqTransferSyntaxList T_CLOSE_BRACKET   (rule 164)

    ',' 	shift, and go to state 449



state 426

    RqPresCtx  ->  T_OPEN_BRACKET STRING ',' RqTransferSyntaxList . T_CLOSE_BRACKET   (rule 163)
    RqTransferSyntaxList  ->  RqTransferSyntaxList . ',' TransferSyntax   (rule 166)

    T_CLOSE_BRACKET	shift, and go to state 450
    ',' 	shift, and go to state 451



state 427

    RqTransferSyntaxList  ->  TransferSyntax .   (rule 165)

    $default	reduce using rule 165 (RqTransferSyntaxList)



state 428

    ApplicationInfoByte  ->  INTEGER .   (rule 173)

    $default	reduce using rule 173 (ApplicationInfoByte)



state 429

    SopClassExtended  ->  T_OPEN_BRACKET STRING ',' ApplicationInfoList . T_CLOSE_BRACKET   (rule 170)
    ApplicationInfoList  ->  ApplicationInfoList . ',' ApplicationInfoByte   (rule 172)

    T_CLOSE_BRACKET	shift, and go to state 452
    ',' 	shift, and go to state 453



state 430

    ApplicationInfoList  ->  ApplicationInfoByte .   (rule 171)

    $default	reduce using rule 171 (ApplicationInfoList)



state 431

    ScpScuRole  ->  T_OPEN_BRACKET STRING ',' INTEGER . ',' INTEGER T_CLOSE_BRACKET   (rule 176)

    ',' 	shift, and go to state 454



state 432

    UserIdentityNegotiation  ->  INTEGER INTEGER STRING STRING .   (rule 178)

    $default	reduce using rule 178 (UserIdentityNegotiation)



state 433

    VtsAcPresCtx  ->  T_OPEN_BRACKET INTEGER ',' INTEGER . ',' STRING MoreAcPresentationContext T_CLOSE_BRACKET   (rule 203)

    ',' 	shift, and go to state 455



state 434

    AcPresCtx  ->  T_OPEN_BRACKET STRING ',' INTEGER . AcTransferSyntax T_CLOSE_BRACKET   (rule 200)

    ',' 	shift, and go to state 456

    $default	reduce using rule 201 (AcTransferSyntax)

    AcTransferSyntax	go to state 457



state 435

    AttributeVR  ->  T_OPEN_BRACKET VR . T_CLOSE_BRACKET   (rule 279)
    AttributeVR  ->  T_OPEN_BRACKET VR . '?' T_CLOSE_BRACKET   (rule 281)

    T_CLOSE_BRACKET	shift, and go to state 458
    '?' 	shift, and go to state 459



state 436

    AttributeVR  ->  T_OPEN_BRACKET '[' . VR ']' T_CLOSE_BRACKET   (rule 280)
    AttributeVR  ->  T_OPEN_BRACKET '[' . VR ']' '?' T_CLOSE_BRACKET   (rule 282)

    VR  	shift, and go to state 460



state 437

    SequenceVR  ->  '[' T_SQ . ']'   (rule 261)

    ']' 	shift, and go to state 461



state 438

    AttributeVR  ->  '[' VR . ']'   (rule 278)

    ']' 	shift, and go to state 462



state 439

    Attribute  ->  T_OPEN_BRACKET AttributeIdentification ',' AttributeValue T_CLOSE_BRACKET .   (rule 253)

    $default	reduce using rule 253 (Attribute)



state 440

    SequenceValue  ->  SequenceVR ',' . ItemList   (rule 259)

    STRING	shift, and go to state 463
    '>' 	shift, and go to state 464

    $default	reduce using rule 269 (ItemByValue)

    ItemList	go to state 465
    ItemByReferenceList	go to state 466
    ItemByReference	go to state 467
    ItemByValueList	go to state 468
    ItemByValue	go to state 469
    ItemAttributeList	go to state 470
    ItemAttribute	go to state 471



state 441

    Value  ->  T_AUTOSET .   (rule 290)

    $default	reduce using rule 290 (Value)



state 442

    Value  ->  HEXADECIMAL .   (rule 288)

    $default	reduce using rule 288 (Value)



state 443

    Value  ->  INTEGER .   (rule 289)

    $default	reduce using rule 289 (Value)



state 444

    Value  ->  STRING .   (rule 287)

    $default	reduce using rule 287 (Value)



state 445

    OtherValue  ->  OptionalVR Values .   (rule 274)

    $default	reduce using rule 274 (OtherValue)



state 446

    Values  ->  VMList .   (rule 284)
    VMList  ->  VMList . ',' Value   (rule 286)

    ',' 	shift, and go to state 472

    $default	reduce using rule 284 (Values)



state 447

    VMList  ->  Value .   (rule 285)

    $default	reduce using rule 285 (VMList)



state 448

    OptionalVR  ->  AttributeVR ',' .   (rule 276)

    $default	reduce using rule 276 (OptionalVR)



state 449

    VtsRqPresCtx  ->  T_OPEN_BRACKET INTEGER ',' STRING ',' . INTEGER ',' INTEGER ',' RqTransferSyntaxList T_CLOSE_BRACKET   (rule 164)

    INTEGER	shift, and go to state 473



state 450

    RqPresCtx  ->  T_OPEN_BRACKET STRING ',' RqTransferSyntaxList T_CLOSE_BRACKET .   (rule 163)

    $default	reduce using rule 163 (RqPresCtx)



state 451

    RqTransferSyntaxList  ->  RqTransferSyntaxList ',' . TransferSyntax   (rule 166)

    STRING	shift, and go to state 365

    TransferSyntax	go to state 474



state 452

    SopClassExtended  ->  T_OPEN_BRACKET STRING ',' ApplicationInfoList T_CLOSE_BRACKET .   (rule 170)

    $default	reduce using rule 170 (SopClassExtended)



state 453

    ApplicationInfoList  ->  ApplicationInfoList ',' . ApplicationInfoByte   (rule 172)

    INTEGER	shift, and go to state 428

    ApplicationInfoByte	go to state 475



state 454

    ScpScuRole  ->  T_OPEN_BRACKET STRING ',' INTEGER ',' . INTEGER T_CLOSE_BRACKET   (rule 176)

    INTEGER	shift, and go to state 476



state 455

    VtsAcPresCtx  ->  T_OPEN_BRACKET INTEGER ',' INTEGER ',' . STRING MoreAcPresentationContext T_CLOSE_BRACKET   (rule 203)

    STRING	shift, and go to state 477



state 456

    AcTransferSyntax  ->  ',' . TransferSyntax   (rule 202)

    STRING	shift, and go to state 365

    TransferSyntax	go to state 478



state 457

    AcPresCtx  ->  T_OPEN_BRACKET STRING ',' INTEGER AcTransferSyntax . T_CLOSE_BRACKET   (rule 200)

    T_CLOSE_BRACKET	shift, and go to state 479



state 458

    AttributeVR  ->  T_OPEN_BRACKET VR T_CLOSE_BRACKET .   (rule 279)

    $default	reduce using rule 279 (AttributeVR)



state 459

    AttributeVR  ->  T_OPEN_BRACKET VR '?' . T_CLOSE_BRACKET   (rule 281)

    T_CLOSE_BRACKET	shift, and go to state 480



state 460

    AttributeVR  ->  T_OPEN_BRACKET '[' VR . ']' T_CLOSE_BRACKET   (rule 280)
    AttributeVR  ->  T_OPEN_BRACKET '[' VR . ']' '?' T_CLOSE_BRACKET   (rule 282)

    ']' 	shift, and go to state 481



state 461

    SequenceVR  ->  '[' T_SQ ']' .   (rule 261)

    $default	reduce using rule 261 (SequenceVR)



state 462

    AttributeVR  ->  '[' VR ']' .   (rule 278)

    $default	reduce using rule 278 (AttributeVR)



state 463

    ItemByReference  ->  STRING .   (rule 266)

    $default	reduce using rule 266 (ItemByReference)



state 464

    ItemAttribute  ->  '>' . Attribute   (rule 273)

    T_OPEN_BRACKET	shift, and go to state 269

    Attribute	go to state 482



state 465

    SequenceValue  ->  SequenceVR ',' ItemList .   (rule 259)

    $default	reduce using rule 259 (SequenceValue)



state 466

    ItemList  ->  ItemByReferenceList .   (rule 262)
    ItemByReferenceList  ->  ItemByReferenceList . ',' ItemByReference   (rule 265)

    ',' 	shift, and go to state 483

    $default	reduce using rule 262 (ItemList)



state 467

    ItemByReferenceList  ->  ItemByReference .   (rule 264)

    $default	reduce using rule 264 (ItemByReferenceList)



state 468

    ItemList  ->  ItemByValueList .   (rule 263)
    ItemByValueList  ->  ItemByValueList . ',' ItemByValue   (rule 268)

    ',' 	shift, and go to state 484

    $default	reduce using rule 263 (ItemList)



state 469

    ItemByValueList  ->  ItemByValue .   (rule 267)

    $default	reduce using rule 267 (ItemByValueList)



state 470

    ItemByValue  ->  ItemAttributeList .   (rule 270)
    ItemAttributeList  ->  ItemAttributeList . ItemAttribute   (rule 272)

    '>' 	shift, and go to state 464

    $default	reduce using rule 270 (ItemByValue)

    ItemAttribute	go to state 485



state 471

    ItemAttributeList  ->  ItemAttribute .   (rule 271)

    $default	reduce using rule 271 (ItemAttributeList)



state 472

    VMList  ->  VMList ',' . Value   (rule 286)

    T_AUTOSET	shift, and go to state 441
    HEXADECIMAL	shift, and go to state 442
    INTEGER	shift, and go to state 443
    STRING	shift, and go to state 444

    Value	go to state 486



state 473

    VtsRqPresCtx  ->  T_OPEN_BRACKET INTEGER ',' STRING ',' INTEGER . ',' INTEGER ',' RqTransferSyntaxList T_CLOSE_BRACKET   (rule 164)

    ',' 	shift, and go to state 487



state 474

    RqTransferSyntaxList  ->  RqTransferSyntaxList ',' TransferSyntax .   (rule 166)

    $default	reduce using rule 166 (RqTransferSyntaxList)



state 475

    ApplicationInfoList  ->  ApplicationInfoList ',' ApplicationInfoByte .   (rule 172)

    $default	reduce using rule 172 (ApplicationInfoList)



state 476

    ScpScuRole  ->  T_OPEN_BRACKET STRING ',' INTEGER ',' INTEGER . T_CLOSE_BRACKET   (rule 176)

    T_CLOSE_BRACKET	shift, and go to state 488



state 477

    VtsAcPresCtx  ->  T_OPEN_BRACKET INTEGER ',' INTEGER ',' STRING . MoreAcPresentationContext T_CLOSE_BRACKET   (rule 203)

    ',' 	shift, and go to state 489

    $default	reduce using rule 204 (MoreAcPresentationContext)

    MoreAcPresentationContext	go to state 490



state 478

    AcTransferSyntax  ->  ',' TransferSyntax .   (rule 202)

    $default	reduce using rule 202 (AcTransferSyntax)



state 479

    AcPresCtx  ->  T_OPEN_BRACKET STRING ',' INTEGER AcTransferSyntax T_CLOSE_BRACKET .   (rule 200)

    $default	reduce using rule 200 (AcPresCtx)



state 480

    AttributeVR  ->  T_OPEN_BRACKET VR '?' T_CLOSE_BRACKET .   (rule 281)

    $default	reduce using rule 281 (AttributeVR)



state 481

    AttributeVR  ->  T_OPEN_BRACKET '[' VR ']' . T_CLOSE_BRACKET   (rule 280)
    AttributeVR  ->  T_OPEN_BRACKET '[' VR ']' . '?' T_CLOSE_BRACKET   (rule 282)

    T_CLOSE_BRACKET	shift, and go to state 491
    '?' 	shift, and go to state 492



state 482

    ItemAttribute  ->  '>' Attribute .   (rule 273)

    $default	reduce using rule 273 (ItemAttribute)



state 483

    ItemByReferenceList  ->  ItemByReferenceList ',' . ItemByReference   (rule 265)

    STRING	shift, and go to state 463

    ItemByReference	go to state 493



state 484

    ItemByValueList  ->  ItemByValueList ',' . ItemByValue   (rule 268)

    '>' 	shift, and go to state 464

    $default	reduce using rule 269 (ItemByValue)

    ItemByValue	go to state 494
    ItemAttributeList	go to state 470
    ItemAttribute	go to state 471



state 485

    ItemAttributeList  ->  ItemAttributeList ItemAttribute .   (rule 272)

    $default	reduce using rule 272 (ItemAttributeList)



state 486

    VMList  ->  VMList ',' Value .   (rule 286)

    $default	reduce using rule 286 (VMList)



state 487

    VtsRqPresCtx  ->  T_OPEN_BRACKET INTEGER ',' STRING ',' INTEGER ',' . INTEGER ',' RqTransferSyntaxList T_CLOSE_BRACKET   (rule 164)

    INTEGER	shift, and go to state 495



state 488

    ScpScuRole  ->  T_OPEN_BRACKET STRING ',' INTEGER ',' INTEGER T_CLOSE_BRACKET .   (rule 176)

    $default	reduce using rule 176 (ScpScuRole)



state 489

    MoreAcPresentationContext  ->  ',' . INTEGER ',' INTEGER ',' TransferSyntax   (rule 205)

    INTEGER	shift, and go to state 496



state 490

    VtsAcPresCtx  ->  T_OPEN_BRACKET INTEGER ',' INTEGER ',' STRING MoreAcPresentationContext . T_CLOSE_BRACKET   (rule 203)

    T_CLOSE_BRACKET	shift, and go to state 497



state 491

    AttributeVR  ->  T_OPEN_BRACKET '[' VR ']' T_CLOSE_BRACKET .   (rule 280)

    $default	reduce using rule 280 (AttributeVR)



state 492

    AttributeVR  ->  T_OPEN_BRACKET '[' VR ']' '?' . T_CLOSE_BRACKET   (rule 282)

    T_CLOSE_BRACKET	shift, and go to state 498



state 493

    ItemByReferenceList  ->  ItemByReferenceList ',' ItemByReference .   (rule 265)

    $default	reduce using rule 265 (ItemByReferenceList)



state 494

    ItemByValueList  ->  ItemByValueList ',' ItemByValue .   (rule 268)

    $default	reduce using rule 268 (ItemByValueList)



state 495

    VtsRqPresCtx  ->  T_OPEN_BRACKET INTEGER ',' STRING ',' INTEGER ',' INTEGER . ',' RqTransferSyntaxList T_CLOSE_BRACKET   (rule 164)

    ',' 	shift, and go to state 499



state 496

    MoreAcPresentationContext  ->  ',' INTEGER . ',' INTEGER ',' TransferSyntax   (rule 205)

    ',' 	shift, and go to state 500



state 497

    VtsAcPresCtx  ->  T_OPEN_BRACKET INTEGER ',' INTEGER ',' STRING MoreAcPresentationContext T_CLOSE_BRACKET .   (rule 203)

    $default	reduce using rule 203 (VtsAcPresCtx)



state 498

    AttributeVR  ->  T_OPEN_BRACKET '[' VR ']' '?' T_CLOSE_BRACKET .   (rule 282)

    $default	reduce using rule 282 (AttributeVR)



state 499

    VtsRqPresCtx  ->  T_OPEN_BRACKET INTEGER ',' STRING ',' INTEGER ',' INTEGER ',' . RqTransferSyntaxList T_CLOSE_BRACKET   (rule 164)

    STRING	shift, and go to state 365

    RqTransferSyntaxList	go to state 501
    TransferSyntax	go to state 427



state 500

    MoreAcPresentationContext  ->  ',' INTEGER ',' . INTEGER ',' TransferSyntax   (rule 205)

    INTEGER	shift, and go to state 502



state 501

    VtsRqPresCtx  ->  T_OPEN_BRACKET INTEGER ',' STRING ',' INTEGER ',' INTEGER ',' RqTransferSyntaxList . T_CLOSE_BRACKET   (rule 164)
    RqTransferSyntaxList  ->  RqTransferSyntaxList . ',' TransferSyntax   (rule 166)

    T_CLOSE_BRACKET	shift, and go to state 503
    ',' 	shift, and go to state 451



state 502

    MoreAcPresentationContext  ->  ',' INTEGER ',' INTEGER . ',' TransferSyntax   (rule 205)

    ',' 	shift, and go to state 504



state 503

    VtsRqPresCtx  ->  T_OPEN_BRACKET INTEGER ',' STRING ',' INTEGER ',' INTEGER ',' RqTransferSyntaxList T_CLOSE_BRACKET .   (rule 164)

    $default	reduce using rule 164 (VtsRqPresCtx)



state 504

    MoreAcPresentationContext  ->  ',' INTEGER ',' INTEGER ',' . TransferSyntax   (rule 205)

    STRING	shift, and go to state 365

    TransferSyntax	go to state 505



state 505

    MoreAcPresentationContext  ->  ',' INTEGER ',' INTEGER ',' TransferSyntax .   (rule 205)

    $default	reduce using rule 205 (MoreAcPresentationContext)



state 506

    $   	go to state 507



state 507

    $   	go to state 508



state 508

    $default	accept
